,El_reference,C,asc_amp_array_0,asc_amp_array_1,init_threshold,spike_cut_length,asc_tau_array_0,asc_tau_array_1,R_input,coeffs_th_inf,has_model
0,-0.07437941739825499,8.593040497784159e-11,-5.0997388780382704e-11,-1.766163373381764e-11,0.02836426260504936,72,0.3333333333333333,0.01,294699759.68958837,1.0487672066913558,True
1,-0.068439211640473,1.0024262878305642e-10,-6.739166585400503e-11,3.019932590185649e-11,0.02399625445450114,75,0.01,0.01,260063045.01921025,1.108328429332613,False
2,-0.07063546488306978,8.955788525308583e-11,-4.488243296015203e-11,-2.2050702609136038e-11,0.026570669006085415,66,0.01,0.01,192352684.716219,1.0395092824605539,False
3,-0.07497098558525445,5.7531547284852855e-11,-1.5158830678161472e-11,-5.332474774094633e-11,0.030355453766426507,65,0.3333333333333333,0.01,285659337.835008,0.9962050335775621,False
4,-0.07392755063262907,7.257903991599876e-11,-3.042638516664031e-11,-5.6463315345194967e-11,0.029301903743023917,69,0.3333333333333333,0.01,239212920.02121836,1.0339499955222435,False
5,-0.07352018697515249,5.8103563907356076e-11,-3.0404490687653015e-11,-5.173190411823616e-12,0.029399641038582367,68,0.3333333333333333,0.01,296900721.9892116,1.0501175488659928,True
6,-0.07209650435552432,9.552468209222837e-11,-5.294786001626125e-11,-5.163408637606708e-11,0.027327402744252938,72,0.01,0.01,213623094.13058212,1.0509099212045703,True
7,-0.073032808200598,5.982540526460165e-11,-2.466832455768003e-11,-5.208668898973081e-11,0.028517888619245237,74,0.3333333333333333,0.01,286522483.4159087,1.091379705804614,True
8,-0.07425339057989609,9.061251580366203e-11,-3.031749547255444e-11,-7.780905804963456e-11,0.028824783628011746,73,0.3333333333333333,0.01,247613539.65121824,1.044455209224511,False
9,-0.07454840450972658,7.98115619913143e-11,-3.375518677539066e-11,-6.530514059928821e-11,0.028875637337584647,73,0.3333333333333333,0.01,282282230.966889,1.045395493870798,False
10,-0.07551638679468646,1.1041101821359335e-10,-4.2517959107411106e-11,-1.6326760886441518e-10,0.029295018850380064,75,0.3333333333333333,0.01,142729703.84914672,1.0237527649701164,True
11,-0.07291179976325944,6.225643396406423e-11,-2.7826036180181275e-11,-8.970510221623377e-11,0.028891803265467343,67,0.3333333333333333,0.01,202039016.2866699,1.034090463390523,False
12,-0.07374008474203772,1.1562945587622038e-10,-4.558611972683046e-11,-9.215978275810891e-11,0.02731568597669873,84,0.3333333333333333,0.01,218655509.38255796,1.074805827820371,False
13,-0.07405098121003112,9.943433525685145e-11,-4.3422120118231445e-11,-7.039732515869654e-11,0.027867367755957967,76,0.3333333333333333,0.01,221137885.27433518,1.0637656228256647,False
14,-0.07156492145752043,8.270787021921742e-11,-4.0433772508571206e-11,-7.424474911848522e-11,0.027385926700101065,72,0.3333333333333333,0.01,211004135.08089703,1.0423184452868337,False
15,-0.07062830042976138,6.143375357355329e-11,-3.157960201211743e-11,-1.964668003931035e-11,0.026310465179206318,71,0.3333333333333333,0.01,283028590.66934013,1.0571582436167486,False
16,-0.07602430713486005,7.845578706449408e-11,-2.6193087915689882e-11,-8.996572565670854e-11,0.030644883770277142,67,0.3333333333333333,0.01,183857767.69339186,1.0260453937532494,True
17,-0.07337220050409385,7.669185416056286e-11,-4.4777511632566835e-11,-1.1839417776150148e-11,0.029003877229754053,68,0.3333333333333333,0.01,266505747.56859216,1.0392539210605864,False
18,-0.07369561509031596,7.731016698964015e-11,-2.5061482183916566e-11,-1.1475613339802117e-10,0.027858957110534602,77,0.3333333333333333,0.01,239467517.89438003,1.0531133662917431,False
19,-0.07229467948397858,6.29006889426825e-11,-3.5593586141294926e-11,-1.0189380472149236e-11,0.028147292657228474,67,0.3333333333333333,0.01,279034476.30507183,1.0393484514081117,True
20,-0.07074741872593127,8.20740554006358e-11,-4.745406724186348e-11,-7.573072327553353e-11,0.027719848295561067,68,0.3333333333333333,0.01,142750125.02863252,1.0389174684307196,True
21,-0.07192214695353388,7.513510639754236e-11,-2.751117308203901e-11,-9.829613236893227e-12,0.027804491355064787,71,0.3333333333333333,0.01,315229921.96793795,1.0519415211663163,True
22,-0.07177965489138463,1.3600213316037766e-10,-7.316331411666025e-11,4.82419252332214e-12,0.025834115519140537,83,0.01,0.01,265838739.3453178,1.0576391292101572,True
23,-0.074090967948147,9.533755757490435e-11,-4.5741488588975274e-11,-1.0560523342048692e-10,0.02907704526074601,71,0.3333333333333333,0.01,136721530.56322795,1.052134737768582,False
24,-0.07240785528261048,3.7576038845235447e-11,-1.7082544495514477e-11,-2.1668425341416662e-11,0.029417729982588854,65,0.3333333333333333,0.01,301269517.8492383,1.0321819751573873,False
25,-0.07402966251584439,1.0078912702869098e-10,-5.7179037655570204e-11,-4.3698659888967757e-11,0.02809079001776242,76,0.3333333333333333,0.01,248013068.99993166,1.049799428657666,False
26,-0.07401306475320987,7.180548356205787e-11,-2.714669014615438e-11,-9.92540554876189e-11,0.029141122873894018,67,0.3333333333333333,0.01,207729043.44977683,1.0332393935654414,True
27,-0.07353755519317685,5.831059107749182e-11,-3.291921090847379e-11,-5.960558113980706e-11,0.027700240477179516,70,0.3333333333333333,0.01,269367789.96861494,1.1023928120056692,False
28,-0.07303358484823085,9.828254443220132e-11,-4.534838152593254e-11,-7.711476287912544e-11,0.027821694154364328,72,0.3333333333333333,0.01,205220178.79575408,1.033479148620094,True
29,-0.0747384810332094,7.600364948525824e-11,-3.7958905056046965e-11,-7.809491276559584e-11,0.0306762418447658,72,0.3333333333333333,0.01,208297517.94771102,1.0838834143384402,True
30,-0.07280108094886184,8.118674576248667e-11,-2.8981815642671005e-11,-9.487730260874441e-11,0.02781912856255052,74,0.3333333333333333,0.01,250578213.22701448,1.0150749157432164,True
31,-0.07176041183593615,8.297276364575108e-11,-5.825729409059661e-11,-6.469108186329843e-11,0.025462466514253386,93,0.3333333333333333,0.01,332355041.0968987,1.1498843792748557,True
32,-0.0726679195540008,8.553524716979279e-11,-4.682621720686772e-11,-2.3376534565490475e-11,0.027419227118464347,73,0.3333333333333333,0.01,279152029.18121547,1.0554045797258274,False
33,-0.07233265962683515,9.094324062683876e-11,-5.017176238698522e-11,-2.159307037127344e-11,0.027767444045301317,72,0.01,0.01,258727260.6587005,1.00244784095409,True
34,-0.07273520955242371,1.1584750499623939e-10,-6.342882399719259e-11,-2.620311149816362e-11,0.026559295231017348,73,0.01,0.01,238475582.35847977,1.0465434639230142,False
35,-0.0748557903693684,7.204989011029806e-11,-2.7802815786997283e-11,-6.902702585261556e-11,0.02943021694178148,70,0.3333333333333333,0.01,264856078.34272265,1.0232036088925385,False
36,-0.07667668556316815,8.691638750242419e-11,-4.0160071685437776e-11,-8.52510922552537e-11,0.03014385281289602,70,0.3333333333333333,0.01,227073145.97139487,1.0371048315201086,True
37,-0.07340475479928538,1.1091603999841218e-10,-5.773181043165605e-11,-5.4711580534050155e-11,0.027061972157108285,78,0.3333333333333333,0.01,229769706.00998288,1.0788558241711066,False
38,-0.0728927844179725,3.6782008457095726e-11,-8.226679512593482e-12,-4.173790696853467e-11,0.028114486988212752,76,0.3333333333333333,0.01,374326382.1989308,1.0795656347057108,False
39,-0.07536064233054134,7.511869030248106e-11,-3.240211043775046e-11,-7.218494678455591e-11,0.02939902748745024,74,0.3333333333333333,0.01,255122881.68050623,1.0668537825168556,True
40,-0.07438979709183548,9.963720703070204e-11,-5.171854355437137e-11,-6.637163741641449e-11,0.029008536851545443,73,0.3333333333333333,0.01,198308453.23552772,1.0427723031626324,False
41,-0.07368886729767345,7.438105529094819e-11,-4.254438943108254e-11,-5.6993117701686946e-11,0.02768540486113691,71,0.3333333333333333,0.01,270143903.13091177,1.0498279481677328,True
42,-0.06888952958529351,7.42160133306234e-11,-6.001998936577491e-11,4.5773985392552784e-11,0.024776930649036952,72,0.1,0.01,271468566.47833586,1.0775747486655014,False
43,-0.07427730890210203,6.51078096135022e-11,-2.5080008799430875e-11,-7.442490058640384e-11,0.029425975975890924,72,0.3333333333333333,0.01,242765061.69604054,1.0400658701739856,False
44,-0.0753331727241406,7.464208427913781e-11,-3.077874771820156e-11,-8.828059338364637e-11,0.030055177510413016,70,0.3333333333333333,0.01,230994198.62471434,1.0190258534044552,False
45,-0.0737567705294744,8.344767899238259e-11,-3.9891662839372486e-11,-9.124496848956024e-11,0.02897054986540311,73,0.3333333333333333,0.01,207140883.2364746,1.0260026446200055,True
46,-0.07381448864505534,8.242959352187581e-11,-5.489115336267531e-11,-8.585712175444263e-11,0.02825746096628105,73,0.3333333333333333,0.01,215624849.9835133,1.054133953420123,False
47,-0.07416934558893952,6.500673113193609e-11,-2.7706263491225254e-11,-2.8345092835035056e-11,0.029102489386963522,70,0.3333333333333333,0.01,315277003.3537139,1.0633443330490417,True
48,-0.07198322265277565,7.847036463562534e-11,-3.6433479956038216e-11,-2.2129100420524015e-11,0.026451237217416414,85,0.3333333333333333,0.01,362956005.77636164,1.1207257948308305,True
49,-0.07427784781454388,7.91317791028302e-11,-3.470560480946939e-11,-5.645844267951142e-11,0.02864727228283317,75,0.3333333333333333,0.01,306701862.6042411,1.0568583105525586,False
50,-0.06848047134391112,5.730273199340179e-11,-4.18037219524966e-11,5.6072166471170727e-11,0.02599373031768201,73,0.1,0.01,327161273.9381281,1.080388977662466,False
51,-0.0701342707740789,9.689721175385866e-11,-5.685131861054666e-11,3.042393756876219e-11,0.024799578715791363,88,0.03333333333333333,0.01,366723609.0365389,1.1034443198510904,True
52,-0.07535224743790758,1.7191497515296455e-10,-1.0735510013736462e-10,-4.4714196516887205e-11,0.02881807475401405,88,0.01,0.01,176710389.8483558,1.0728412492007473,True
53,-0.07229308273847447,6.339952440008771e-11,-2.60476024099112e-11,-9.990482071432618e-11,0.029717631387221135,68,0.3333333333333333,0.01,177089017.63334957,1.011293108006912,True
54,-0.07151219144964902,8.625683246492877e-11,-5.1572303915453335e-11,-9.246805426509473e-11,0.026834382878169808,83,0.3333333333333333,0.01,223889748.5353412,1.1346954908599771,True
55,-0.07391390857082168,6.192399071596465e-11,-1.81924975078195e-11,-6.333144379793311e-11,0.03088845900977008,65,0.3333333333333333,0.01,204106916.52270508,1.039628073535651,True
56,-0.07355783869139398,9.246087480994921e-11,-4.207505561065861e-11,-1.1682729766428663e-10,0.028787270756335446,73,0.3333333333333333,0.01,191879498.8664223,1.03005791472172,True
57,-0.07279743257011123,8.425792891028978e-11,-4.7265813235553285e-11,-8.036576414301092e-11,0.030313150549510403,68,0.3333333333333333,0.01,151409579.6718728,1.0196578540128187,True
58,-0.0688780467788441,1.1591574405067263e-10,-6.71399964323842e-11,2.5987459764574277e-11,0.02523586134292878,77,0.01,0.01,211605564.17265505,1.0983910913139825,False
59,-0.0708271476659081,9.065958264545979e-11,-5.813823410728936e-11,1.835140940465541e-11,0.027419030520556383,79,0.3333333333333333,0.01,282490423.97897136,1.0922678821738963,False
60,-0.07012243334404157,9.562632883185096e-11,-6.558537981916354e-11,4.39618753511588e-11,0.026399501593035887,71,0.01,0.01,283784910.13993484,1.0519425652720316,True
61,-0.07360313126443524,7.654306085040819e-11,-3.499623330598107e-11,-3.259429118552402e-11,0.03088923898765812,67,0.3333333333333333,0.01,210128417.65087795,1.0558749782079533,False
62,-0.07445502117930783,9.345955913431171e-11,-4.9943982130634937e-11,-3.470274788805404e-11,0.02959960955772726,76,0.3333333333333333,0.01,277817902.59888357,1.0671528256137246,True
63,-0.07191165116170058,4.792206365283682e-11,-1.496818384959879e-11,-2.5871613026794297e-11,0.026643104361430008,77,0.3333333333333333,0.01,393658008.3679725,1.0890581310688912,True
64,-0.07183775448882215,7.565526735785722e-11,-4.9485311783955594e-11,-8.023061861957224e-11,0.028418056765168204,72,0.3333333333333333,0.01,193150754.3175574,1.0497703148752617,False
65,-0.0762249345016551,9.166442009218234e-11,-3.9486759893430374e-11,-1.4083718686790816e-10,0.03181401967071532,71,0.3333333333333333,0.01,122424947.74556524,1.0376857057677584,False
66,-0.07233855217428083,8.136746416415186e-11,-4.225516981544534e-11,-1.009515493685765e-10,0.02798416485872463,73,0.3333333333333333,0.01,205205109.63879442,1.0448853343129307,False
67,-0.0699651901101391,6.578268109307702e-11,-4.5014576841507924e-11,4.331824874392962e-11,0.02762111068777348,74,0.3333333333333333,0.01,321209825.4815335,1.0887825334280556,True
68,-0.06899538447886973,9.722780421790157e-11,-6.798869524207476e-11,2.7588312105511346e-11,0.02626439631388343,81,0.03333333333333333,0.01,263408549.08987197,1.095906180466192,True
69,-0.07011395605709228,1.1259111776782233e-10,-7.902618611924966e-11,4.253614637953006e-11,0.02616595751751237,79,0.01,0.01,271269831.08482504,1.068173120156517,True
70,-0.0728495342769948,8.009216099448519e-11,-3.035161073946376e-11,-5.246364946330294e-11,0.02847130079453207,72,0.3333333333333333,0.01,261600661.0275369,1.0386856989542428,False
71,-0.07210869148874843,1.0215426277855e-10,-3.767141066060573e-11,-8.617882110196339e-11,0.028027711479172813,71,0.3333333333333333,0.01,208841525.04220486,1.020374053531276,False
72,-0.07234624867299787,1.3647093254882233e-10,-8.789677591851142e-11,-7.532869245927278e-12,0.02751995106274593,85,0.03333333333333333,0.01,233887197.65395468,1.0687340557239675,False
73,-0.07264265110302837,9.480271584602797e-11,-5.731536682395725e-11,-1.6808951169942264e-10,0.028073362162068117,74,0.3333333333333333,0.01,100587610.49443123,1.039529178119233,False
74,-0.07274264791101681,3.6150280902191e-11,-1.2786263651781523e-11,-5.895395837940118e-11,0.030698724987771063,62,0.3333333333333333,0.01,242457011.27055594,1.0427676727877007,True
75,-0.07147043613745917,9.916446064045065e-11,-4.5414030904192576e-11,-1.295750252967477e-11,0.026735306731340613,83,0.3333333333333333,0.01,280963214.5909165,1.1030545939922918,False
76,-0.0716090520484407,7.884606839767811e-11,-5.053499684113973e-11,-6.723969404049691e-11,0.027414140178825673,70,0.3333333333333333,0.01,197862399.28465557,1.0582597279524313,True
77,-0.07069376901915327,7.420469587466319e-11,-4.807514180380354e-11,1.2290189873909496e-11,0.028212605667718098,70,0.3333333333333333,0.01,260143651.71670216,1.0578536248576031,True
78,-0.07049869016048828,5.287721275885732e-11,-4.5368340029479785e-11,1.625725356301626e-11,0.026866049569009284,68,0.3333333333333333,0.01,314501244.90108526,1.0640063597033713,False
79,-0.06977429901799419,5.6575256204832934e-11,-4.128901772874693e-11,1.2723745798611687e-11,0.024643275398306862,79,0.3333333333333333,0.01,373911089.2504449,1.1273966967025129,True
80,-0.07035341386423878,4.745392078269952e-11,-3.745503309767656e-11,-2.0297376323571815e-12,0.027302152716926043,71,0.3333333333333333,0.01,299856568.43050164,1.0836013963220923,True
81,-0.06666050978081574,9.586747294223541e-11,-8.941126300332727e-11,1.0154188464342724e-10,0.022394524821792054,80,0.01,0.01,302922961.7247827,1.119331634905898,True
82,-0.07246729348692087,5.953493171377415e-11,-3.709883785776577e-11,-9.054507823934373e-11,0.028958513269595063,67,0.3333333333333333,0.01,211882738.4768341,1.0316480861030333,True
83,-0.07180998369479402,5.3683795328141524e-11,-2.9772674560869294e-11,-2.401490897702339e-11,0.0290151811702502,66,0.3333333333333333,0.01,270203881.993568,1.031978820454651,False
84,-0.07025472353942484,6.543976167090698e-11,-3.1380074278893265e-11,-1.4543216143994623e-12,0.028779372851618072,69,0.3333333333333333,0.01,256332325.19573933,1.0618834665252674,True
85,-0.07198698211568963,9.009198914740228e-11,-4.677684254158296e-11,-6.503880482296269e-11,0.02748536414492391,75,0.3333333333333333,0.01,225354920.0808255,1.0528530315532834,True
86,-0.06869857393017328,6.499491932192417e-11,-5.487295887301133e-11,-8.117470849614287e-12,0.02424594453382928,85,0.3333333333333333,0.01,346000140.30851567,1.120835308403939,False
87,-0.07070208337951212,7.794261545296274e-11,-7.409110208306522e-11,-7.637906106596121e-12,0.026446906279271667,84,0.1,0.01,273331512.92801905,1.1310568240866727,True
88,-0.06906624330293686,7.145830732434621e-11,-4.3504349938006376e-11,6.930990823775468e-11,0.02510169002072068,81,0.03333333333333333,0.01,400562243.52177244,1.0824444455801683,False
89,-0.07236314686723287,1.0788910886964798e-10,-7.208220876124946e-11,-1.5126115644726958e-10,0.026892942950649416,73,0.3333333333333333,0.01,86689664.67962912,1.0516047085480191,False
90,-0.07048617578099067,7.032356571315979e-11,-5.121640671749482e-11,-4.204368290728404e-12,0.025873284605137763,82,0.3333333333333333,0.01,357694831.7159146,1.1295579766044117,False
91,-0.07151819580200962,7.035393173631844e-11,-4.5572434175983516e-11,-7.761536249182961e-11,0.028780016815229403,66,0.3333333333333333,0.01,169948978.73476386,1.0267732643637268,False
92,-0.07021349699546447,8.741212554575384e-11,-5.580416034066074e-11,1.1488305228445624e-11,0.02680934782298489,74,0.01,0.01,276556510.5314215,1.0664989279782295,True
93,-0.07054453075323736,5.915698371337837e-11,-3.104256296641285e-11,-5.911095399481557e-11,0.029293736734480862,67,0.3333333333333333,0.01,187809277.6810454,1.0407976941506476,True
94,-0.07225592136740042,9.896190960849707e-11,-6.258481584380781e-11,-2.898865629878153e-11,0.02754346894054487,79,0.3333333333333333,0.01,278664271.99696755,1.0568679819706066,False
95,-0.0703890649533293,5.3654223485845384e-11,-3.29604245155859e-11,-2.6276527404194443e-12,0.025695758258405192,82,0.3333333333333333,0.01,363186646.98094875,1.1487065965413512,True
96,-0.07127710899632746,3.24212018019925e-11,-2.3392853862982665e-11,-2.9032189347045945e-11,0.026945322905118946,79,0.3333333333333333,0.03333333333333333,387122204.02068657,1.115534655206403,True
97,-0.0706368130001304,6.877914723292484e-11,-4.409306630720639e-11,4.09305237536469e-11,0.02753823720905493,67,0.01,0.01,320858174.2311363,1.0428921694636466,True
98,-0.0712768983110806,6.264143394075512e-11,-4.562087154503449e-11,-5.4940195391605477e-11,0.02883785360108851,66,0.3333333333333333,0.01,224317107.32926887,1.019918889698021,False
99,-0.07212183430268906,7.307288130458725e-11,-4.366015489046248e-11,-5.795788691878963e-11,0.02780213983460604,75,0.3333333333333333,0.01,252366656.71920666,1.059715846929294,False
100,-0.07046785198949827,7.602680482442973e-11,-4.657833899330416e-11,-5.882982111055045e-12,0.027605405188181113,69,0.01,0.01,266918674.78774133,1.0283163554575303,False
101,-0.07050161186813357,8.599564702518607e-11,-6.030872616735964e-11,1.5888432295607942e-11,0.026851994779491573,76,0.1,0.01,289832628.70545465,1.0605156597205625,False
102,-0.07055700588652873,7.43356358240157e-11,-4.132140296867328e-11,-3.222366476788975e-11,0.02795562070126672,72,0.3333333333333333,0.01,230373166.6858239,1.045379874836223,True
103,-0.07177369031011793,4.594577112088764e-11,-3.258100470601332e-11,1.8844353843118427e-11,0.026749652598562063,76,0.3333333333333333,0.01,404248289.2470857,1.0658701889427258,True
104,-0.07151394274381492,1.0021830435469812e-10,-6.04270881768778e-11,-1.318959069511486e-11,0.027934345674901953,75,0.3333333333333333,0.01,267846534.78564686,1.045130034195897,True
105,-0.0706123343387081,4.939700032389877e-11,-1.8894657013979888e-11,4.808819070951602e-12,0.028874917907530852,64,0.3333333333333333,0.01,290975558.9894772,1.0007015108633786,True
106,-0.07226715287840335,8.58372178505114e-11,-4.7947462736764384e-11,-7.201594346003658e-11,0.028252056409992336,70,0.3333333333333333,0.01,187949053.2748809,1.0290519666569327,False
107,-0.07057265582680951,5.8055747809936435e-11,-4.603797247208815e-11,-7.680859343913889e-13,0.027073515110523156,77,0.3333333333333333,0.01,323698492.7561245,1.1058618782872482,True
108,-0.07207546422053981,5.7955935092170175e-11,-2.494417511978277e-11,-7.607404510293395e-12,0.028061890312289985,69,0.3333333333333333,0.01,329149449.1156553,1.017949318989365,False
109,-0.07226230029811795,6.970419439858807e-11,-3.82658869184218e-11,-4.5937758189959704e-11,0.02932724742504936,72,0.3333333333333333,0.01,233600949.46172324,1.063097397922754,True
110,-0.06903079734118012,6.284143721962008e-11,-2.6836604126528434e-11,-2.1584160288871234e-11,0.026630245356938954,78,0.3333333333333333,0.01,306250830.24239826,1.0998735228214842,True
111,-0.07151300792233407,7.251432916224208e-11,-3.784773992350032e-11,-1.6989326446770818e-11,0.02943970032425305,68,0.3333333333333333,0.01,226889598.67949942,1.0445711224598697,True
112,-0.071594367804683,1.554368212163015e-10,-1.043967943854775e-10,-3.208237511850741e-11,0.027875560681342268,90,0.01,0.01,95244688.94561943,1.1278792531052009,False
113,-0.06987377209020997,9.504687205539101e-11,-6.652347021375264e-11,2.6557881675391763e-11,0.026979185554674573,70,0.01,0.01,287654851.7344089,1.0218715800681313,True
114,-0.07097710268367619,8.345835525513122e-11,-4.0926265343994176e-11,6.687588658408996e-12,0.026350166908145272,80,0.3333333333333333,0.01,340126221.5618716,1.0842965445615347,True
115,-0.07068744621481102,6.506756305296689e-11,-3.3170554011391334e-11,-7.308630521975907e-12,0.02803991046873658,70,0.3333333333333333,0.01,264888805.29346076,1.0752243970627495,False
116,-0.07160134032416168,1.055636775009956e-10,-5.1239911650547007e-11,-4.4152862650276266e-11,0.026367093614534057,79,0.01,0.01,258768850.1153874,1.0564404595558028,False
117,-0.07142181930574376,8.708880708052547e-11,-4.3873137081064735e-11,-3.2516815688400015e-11,0.028259224629497173,71,0.3333333333333333,0.01,239308963.54000273,1.0345227893693136,True
118,-0.07047674362916638,7.564200797090525e-11,-4.901121141040009e-11,5.080882848803387e-12,0.027275015540364683,67,0.01,0.01,283296349.62115395,1.0091480214208195,True
119,-0.07074653008269384,9.84865292010111e-11,-6.513306076568816e-11,-1.385219065707943e-11,0.027606284233515906,74,0.01,0.01,216029829.5883764,1.066514013960168,True
120,-0.06986231560167895,8.211846718931525e-11,-4.9009512613536084e-11,4.646200765582724e-11,0.028021756899745478,69,0.01,0.01,286479086.14031756,1.0454213940606667,False
121,-0.07113900995389015,8.539050864702931e-11,-5.5301773143970845e-11,6.889976231507911e-12,0.02680197754179497,78,0.3333333333333333,0.01,300227963.78198195,1.0656424728120983,False
122,-0.06965013482752146,5.453386950903808e-11,-4.547669247927967e-11,-7.178633621785321e-12,0.025467197309143423,81,0.1,0.03333333333333333,354397108.0514614,1.1158191373018043,True
123,-0.07092022974344683,6.231974941322698e-11,-3.965962839184963e-11,-7.33406334494838e-11,0.027294812118407424,77,0.3333333333333333,0.01,251938404.9731263,1.08286914144102,True
124,-0.07167293009624867,1.0008884975814596e-10,-5.587774935931894e-11,-7.352867168209359e-11,0.027987048424114744,75,0.3333333333333333,0.01,174762507.00207907,1.039716298855741,False
125,-0.07142511782040638,1.2245967683410171e-10,-7.095419181888697e-11,-2.0276446452302938e-11,0.0269627631656625,77,0.01,0.01,209305636.8159117,1.0658428216176663,False
126,-0.07116972655104135,8.798219452679486e-11,-5.1875462372802144e-11,-3.089307657513951e-11,0.025952691165746954,78,0.01,0.01,285917257.4839161,1.0535979539333453,False
127,-0.07120118592872501,5.1621653343263627e-11,-2.919911171374557e-11,-5.864503693877354e-11,0.0268645680218775,83,0.3333333333333333,0.01,326901356.4514154,1.1273235178647352,True
128,-0.07068930040336313,5.7913976695977804e-11,-3.8509578701123993e-11,2.9651753715939845e-11,0.028419773222882708,66,0.3333333333333333,0.01,319547861.08607495,1.0683286032200239,False
129,-0.06982075218662448,8.507971897288796e-11,-4.8082992757413975e-11,5.1154159710078103e-11,0.0262102722052943,75,0.01,0.01,355975755.67141366,1.0645525778644942,False
130,-0.07185093102622792,1.0497515971993248e-10,-6.891320420127757e-11,4.5281195220284216e-11,0.02755402891296729,76,0.3333333333333333,0.01,323389359.0237763,1.0775927824412836,False
131,-0.07083302203618005,9.293461217075596e-11,-4.35835690190807e-11,4.7332617489229755e-12,0.028279347314643283,78,0.3333333333333333,0.01,265913859.92365092,1.0939290617983393,False
132,-0.07422313306298964,8.77781149151551e-11,-4.417039512282341e-11,-9.933776631115816e-11,0.028933772281351123,73,0.3333333333333333,0.01,164598376.90407878,1.0328613310487267,False
133,-0.06981613503860676,7.162392822986155e-11,-3.9134906462323626e-11,4.251182567591999e-11,0.027350033590512732,71,0.3333333333333333,0.01,325578380.2701254,1.044324542572351,True
134,-0.07087496160992339,7.73103057822233e-11,-4.267915355246362e-11,-2.215047861717629e-11,0.027881778304929338,73,0.3333333333333333,0.01,258801179.31376833,1.0538659633614402,False
135,-0.07398160957486186,6.81474395597814e-11,-2.1213748700239245e-11,-1.0262970942243432e-10,0.028086772029893896,76,0.3333333333333333,0.01,282227424.1154626,1.0514532388277782,False
136,-0.07129107296500495,1.1070108932287813e-10,-5.537480912649801e-11,-1.3087182668094942e-11,0.026752390319234997,78,0.03333333333333333,0.01,280073752.75474125,1.0737825708254463,True
137,-0.0712120721609662,8.242995851575524e-11,-5.349814544929192e-11,5.814983053048144e-12,0.027815503816136164,74,0.3333333333333333,0.01,267796263.64056307,1.0780608244579197,True
138,-0.06869348117140614,1.0462914178187921e-10,-8.841567698006404e-11,1.0982052705803997e-10,0.025572546354098953,81,0.03333333333333333,0.01,339696917.5134813,1.088700249571716,False
139,-0.07002141864620397,1.0172122234541451e-10,-7.320161728397629e-11,6.630184858777177e-11,0.025707450715996234,81,0.3333333333333333,0.01,325930334.8756842,1.1231961945135658,True
140,-0.07095709950735772,7.995292429804203e-11,-3.805411992408077e-11,-1.457714408039147e-11,0.028182613672924916,74,0.3333333333333333,0.01,260585085.8498083,1.058299800465245,False
141,-0.07198705347112241,8.220201861007235e-11,-3.210733173132969e-11,-6.519005317661997e-11,0.028357243887793294,74,0.3333333333333333,0.01,230121560.7768988,1.0437039875337346,False
142,-0.06970873069410793,6.990828267935235e-11,-5.290649382897018e-11,8.437404635916848e-12,0.02656152185713468,73,0.3333333333333333,0.01,291841800.1963005,1.0604593277357512,False
143,-0.07135043570356096,9.086289497044104e-11,-6.691117997745925e-11,-2.817431258188448e-11,0.028323650833804514,72,0.3333333333333333,0.01,201169887.43631378,1.0658226660929717,True
144,-0.07214712526901096,8.610104875967958e-11,-3.438854164528524e-11,-6.607428231795594e-11,0.027742717669047026,75,0.3333333333333333,0.01,248570008.7166383,1.0430779406110722,True
145,-0.07077899178850476,9.033836175489829e-11,-3.2607016310599076e-11,-7.427803223083447e-11,0.028372366318230934,79,0.3333333333333333,0.01,177066926.38988435,1.0904236167844852,False
146,-0.06993465579422342,9.886474208590858e-11,-6.408722910751394e-11,-1.7969576477736086e-11,0.02639339047015513,72,0.01,0.01,194651308.19952983,1.0580567620261225,True
147,-0.07192031358217629,7.509708283574116e-11,-4.267832132769703e-11,-5.21578061480472e-11,0.026949247909260166,82,0.3333333333333333,0.01,289728121.82303536,1.125747947811889,True
148,-0.06980831401399736,8.162193693857614e-11,-4.3953635742160364e-11,-4.0447583651694466e-11,0.026006207127957398,86,0.3333333333333333,0.01,286903224.71854794,1.1268591053871502,True
149,-0.07071164075903018,6.406181822148019e-11,-3.51642019547976e-11,-6.650334623985804e-11,0.02613767217199074,82,0.3333333333333333,0.01,297819647.3354542,1.118314046601526,True
150,-0.07138508426560244,5.5610507665886614e-11,-2.8593868533741585e-11,-4.112787232523416e-11,0.02894602874681279,64,0.3333333333333333,0.01,241193074.656898,1.0168510510994615,True
151,-0.07164506693310865,8.992893271339134e-11,-3.6699455350029776e-11,-7.392881165172898e-11,0.025602817846364263,85,0.3333333333333333,0.01,335076516.6613902,1.1168058470460318,True
152,-0.07247665757035368,7.598087192034113e-11,-4.4905210706680906e-11,-7.264904915649618e-11,0.028905002181811086,70,0.3333333333333333,0.01,201451705.90879095,1.0570882663531507,True
153,-0.07291425436090766,4.551922021375589e-11,-1.4174702565455705e-11,-7.472755156726183e-11,0.029517977710752572,65,0.3333333333333333,0.01,251991191.6651758,1.0347227331813975,True
154,-0.07009048985696086,8.963926263940172e-11,-5.410428399087732e-11,1.2579150988000548e-11,0.026723695145101433,73,0.3333333333333333,0.01,270092397.36404157,1.088774979976439,True
155,-0.07163116113561153,7.688424370664664e-11,-3.851615689507144e-11,-4.075455772228721e-11,0.028714327717862517,71,0.3333333333333333,0.01,212560868.79422837,1.0706461339016782,True
156,-0.07075784565923142,6.519054738770503e-11,-4.160261976242637e-11,6.42548521538635e-12,0.027411332463855156,70,0.01,0.01,306345973.32328963,1.0314793564524465,False
157,-0.07212942374065964,1.0170320001434077e-10,-6.092141568318732e-11,-4.0967940561207506e-11,0.0271113503655241,82,0.3333333333333333,0.01,246214124.73717126,1.1049818867056915,False
158,-0.0721882061661284,5.375216442708385e-11,-2.7688608423638106e-11,-2.2413315022449234e-11,0.02853646716650705,76,0.3333333333333333,0.01,295724978.98311967,1.1266435734974414,True
159,-0.07017824662441186,4.770611254951133e-11,-3.528559211644659e-11,1.433282207200061e-11,0.0268451772687583,78,0.1,0.01,367722836.1080659,1.0999890358782503,True
160,-0.06935318794411496,1.019238993171671e-10,-7.879791712108352e-11,1.1453807162398409e-10,0.025414797101554042,79,0.01,0.01,372627415.23794705,1.0888476172212092,True
161,-0.0686735639122298,6.521001851723033e-11,-4.697731310845693e-11,5.8057456315109294e-11,0.027030608034879774,71,0.3333333333333333,0.01,324899027.06124854,1.0565068440051182,False
162,-0.07149567234790653,8.440712462812654e-11,-5.703286715205072e-11,-1.798084832514739e-11,0.028909992040553122,82,0.3333333333333333,0.01,263881140.3557589,1.1167258038020513,True
163,-0.06948928234781754,6.734586595443944e-11,-4.1334253903027614e-11,-6.000232139975657e-11,0.025939460913651402,84,0.3333333333333333,0.01,288598555.245346,1.1327313710111626,True
164,-0.07189147367356077,4.6155832741785675e-11,-3.018129979583597e-11,-4.720083020582262e-11,0.02701729781441682,79,0.3333333333333333,0.01,357832816.6511817,1.1071874924334206,True
165,-0.07097731682137627,7.546213036480458e-11,-4.3388814784427316e-11,6.626113507570644e-12,0.028275680814983512,74,0.3333333333333333,0.01,259094953.5840363,1.0736042592422066,False
166,-0.0681304120158314,8.172608626311115e-11,-4.228736479769278e-11,2.999478183103595e-11,0.024683298384565976,83,0.3333333333333333,0.01,353622962.1560856,1.0951580217479737,False
167,-0.06900619820039931,3.313102277061737e-11,-1.9704278777725198e-11,-5.037345645208983e-12,0.026031716905448476,81,0.3333333333333333,0.01,400114581.9609051,1.093734628329109,True
168,-0.0722469049813781,9.047740872212828e-11,-4.929218291144804e-11,-6.479066830067283e-11,0.02895675393261247,72,0.3333333333333333,0.01,195869736.14656195,1.0264310128490135,True
169,-0.0712613372460637,6.017109969802717e-11,-3.280583118764082e-11,-1.0369881485814264e-11,0.02872467390705651,72,0.3333333333333333,0.01,281697871.74575526,1.07453042155745,False
170,-0.07127296526348971,7.658792612210566e-11,-3.401516254076951e-11,-2.2952676724064092e-11,0.02926825082690669,70,0.3333333333333333,0.01,228754998.28938195,1.0510664466109811,True
171,-0.07150199462356256,8.325791516210199e-11,-4.151369314073707e-11,-5.415274205605136e-11,0.028665968350936964,73,0.3333333333333333,0.01,216951214.65370274,1.038605939797499,False
172,-0.07095102759405948,5.44216479445911e-11,-3.401659878428692e-11,-1.5411995588123215e-11,0.0277468974456245,78,0.3333333333333333,0.01,326428032.68725413,1.0983957540993672,False
173,-0.07141551949476245,6.402990140339264e-11,-4.922694093388048e-11,-8.12808179596372e-11,0.02652412071165966,83,0.3333333333333333,0.01,290622497.0975765,1.1186933342094503,True
174,-0.07132446510095199,3.2980964097287426e-11,-2.1822089359433363e-11,-1.971448825527079e-11,0.027444861577781372,77,0.3333333333333333,0.03333333333333333,385604394.00239885,1.0992419430468914,True
175,-0.0726118347207102,7.362253608049694e-11,-1.851644793148685e-11,-7.572879962309527e-11,0.029699958343602454,71,0.3333333333333333,0.01,223228149.78271484,1.064637816035052,True
176,-0.0715891689558274,7.400852582651906e-11,-3.0767329936595027e-11,-1.9513010112951744e-11,0.027835520072656404,70,0.3333333333333333,0.01,302205004.3036378,1.02239864792518,True
177,-0.07131906848094584,5.673217375352716e-11,-2.695341360468532e-11,1.622585151472192e-12,0.02874357216660193,70,0.3333333333333333,0.01,314820099.94523585,1.0760167335462067,True
178,-0.07054494083165286,5.15772305347976e-11,-4.502876546821796e-11,3.5674775573177113e-12,0.0271956014309642,74,0.3333333333333333,0.01,332106347.7233601,1.0974639401131123,True
179,-0.06946871058902684,5.76185935317178e-11,-4.960058087712784e-11,-1.590497217491549e-11,0.026465170210534003,81,0.1,0.01,306784870.27695274,1.1317385014684813,True
180,-0.0725290668560051,7.578821495408755e-11,-5.6371108383838676e-11,-2.980150365733552e-11,0.027577176296027406,80,0.3333333333333333,0.01,319811700.2650044,1.099223259813549,True
181,-0.0718469919937951,8.980107031380168e-11,-6.616734831298405e-11,-1.873466775639809e-11,0.027532217941851757,83,0.1,0.01,308060631.77017975,1.110101040034436,True
182,-0.06992505160875173,7.981903653605233e-11,-5.0759806871261965e-11,2.3224139692082182e-11,0.027783389335264037,69,0.3333333333333333,0.01,267270106.22707993,1.0549194994496325,False
183,-0.07190230278417085,7.595748873823697e-11,-3.524593083956834e-11,-1.9207086620263504e-11,0.028701171222302133,73,0.3333333333333333,0.01,259255807.30171597,1.0594712320773052,True
184,-0.06852515378614414,1.0173839252511516e-10,-7.014193521056506e-11,8.697822896438199e-12,0.025358619465918077,77,0.1,0.01,212617211.23612684,1.084141906063166,False
185,-0.06682394739885568,5.908427734785925e-11,-3.5778189658958494e-11,9.187259310982749e-11,0.025808042053741355,62,0.3333333333333333,0.01,336231743.6160613,1.0502727091590613,True
186,-0.07032099675635643,1.0764001776822271e-10,-6.66168445353014e-11,3.78844675314347e-11,0.02619904277625205,81,0.01,0.01,296483220.72866094,1.0800138296273984,True
187,-0.07106204093993337,7.021136568973942e-11,-5.202457627336322e-11,-2.1148357780487302e-11,0.026640927495994397,81,0.3333333333333333,0.01,332659384.29380745,1.1111438082765268,False
188,-0.07008345335024437,7.961103878104405e-11,-4.695618129465254e-11,4.524872857465712e-11,0.02753059410025153,71,0.03333333333333333,0.01,289668099.93023753,1.0561160572449377,True
189,-0.07109820653454131,7.248933863045436e-11,-4.11091662695378e-11,5.24407328041902e-11,0.025847377462448275,75,0.03333333333333333,0.01,421567383.6459453,1.0587016160782685,True
190,-0.07221421290100367,7.022285521231615e-11,-2.708093681645456e-11,-1.5542236903001852e-11,0.02878254516159095,70,0.3333333333333333,0.01,295016103.6756236,1.0484634037994423,False
191,-0.07092627820313825,7.141107284519685e-11,-3.756971665094282e-11,-2.5543289006505267e-11,0.0279865096186972,75,0.3333333333333333,0.01,249259686.5070236,1.0990482809360789,False
192,-0.0699107697653088,8.388423364264281e-11,-4.9915194117210684e-11,4.221730425557436e-11,0.026516034743954184,75,0.3333333333333333,0.01,307781802.6617919,1.0981358773980698,False
193,-0.07048498240457869,5.0320040758801505e-11,-2.2634851246811614e-11,3.119042891008422e-11,0.028568329014695897,66,0.3333333333333333,0.01,310027184.8598609,1.0683350802372393,True
194,-0.07374235589332317,6.313917821357372e-11,-8.287643952850164e-12,-5.834752753340316e-11,0.03084458424988786,67,0.3333333333333333,0.01,240870176.74837643,1.0421906589011547,False
195,-0.06798619920598191,8.395707292206477e-11,-3.892584634605069e-11,3.5202892861329505e-12,0.02599421091488202,66,0.3333333333333333,0.01,130861661.17165168,1.1141406236763483,True
196,-0.06864362580975689,4.7449482540077356e-11,-2.4994700703913445e-11,4.335786009740509e-11,0.027770041840224195,65,0.3333333333333333,0.01,320018688.2732542,1.0176311288555628,True
197,-0.07206045432627409,1.0751531093077953e-10,-4.952535549802132e-11,-6.809410672465002e-11,0.02793778481584485,77,0.3333333333333333,0.01,194748584.3219419,1.0642664180583288,True
198,-0.07028877753277121,9.793943656780426e-11,-4.0470538700640594e-11,-2.4155571525455116e-12,0.02727983493850131,73,0.3333333333333333,0.01,256519485.8799869,1.0521253266023716,True
199,-0.07304880833328108,1.6335619054929945e-10,-1.0669573195616772e-10,-1.6612792861047924e-11,0.028785359451433297,83,0.3333333333333333,0.01,161757714.89941603,1.1028969857852797,False
200,-0.06949499217769574,9.709829220014131e-11,-5.479920224329463e-11,-1.326978548150107e-10,0.02345604166487178,94,0.3333333333333333,0.01,250444174.3287384,1.1377338770220637,False
201,-0.0734639159128651,8.371818381980338e-11,-2.8828518373915257e-11,-1.3733395537764305e-10,0.02727360136516686,85,0.3333333333333333,0.01,241770325.66714433,1.0875800874029324,True
202,-0.07379718508813082,7.855649252377131e-11,-3.621508512286204e-11,-9.261259075624892e-11,0.02802079196232723,80,0.3333333333333333,0.01,265299195.1219124,1.0998877434129652,False
203,-0.07034112059157686,1.3331322818919115e-10,-6.210513040694267e-11,-1.1904481505304893e-10,0.022290790511809627,99,0.3333333333333333,0.01,224916743.94958267,1.1909188138497016,True
204,-0.07270160812757688,1.3448963565666066e-10,-6.233638731555599e-11,-1.645660735866483e-10,0.025534750223963842,95,0.3333333333333333,0.01,156515391.6627406,1.1290073826813494,False
205,-0.07019112278136787,7.113818427359341e-11,-2.8465680806356635e-11,-4.3112064857360235e-11,0.02571713876202688,77,0.3333333333333333,0.01,297467925.2134911,1.0843509840455314,True
206,-0.07467409704951254,7.784611582727063e-11,-2.4891560846483583e-11,-9.211224155093503e-11,0.029119665394716863,73,0.3333333333333333,0.01,253111139.083691,1.0316937571013736,True
207,-0.07345850185781401,6.345618290525421e-11,-2.561300422689761e-11,-4.4140074600579834e-11,0.028344528206689316,74,0.3333333333333333,0.01,311503228.08787966,1.0718559005098276,True
208,-0.07336975009375613,1.1628244631970068e-10,-5.2756823500783966e-11,-1.4141584763496576e-10,0.025666567976099324,93,0.3333333333333333,0.01,235122309.94357494,1.1358140075961656,True
209,-0.07334349710203465,1.485075296773414e-10,-6.978962274236283e-11,-2.279146672012942e-10,0.025713749100379307,93,0.3333333333333333,0.01,35308723.037828654,1.111831490553385,False
210,-0.07295647092740914,8.201198284062021e-11,-2.665155923094939e-11,-6.692990367581417e-11,0.028169628771291193,75,0.3333333333333333,0.01,267139542.45587116,1.0715549949312957,False
211,-0.0745656835810876,1.1619578246342012e-10,-5.930456247160984e-11,-9.551514588330617e-11,0.027653093970563532,81,0.3333333333333333,0.01,226366194.4184448,1.0966250756640283,True
212,-0.07444535560131722,1.2826893467945161e-10,-6.408494043190506e-11,-1.0992146848615245e-10,0.02789987000273726,89,0.3333333333333333,0.01,227610439.80881977,1.121642835988531,False
213,-0.07469597007907654,1.2289345469638469e-10,-5.1879171655591125e-11,-1.445350190054204e-10,0.027881282086408825,84,0.3333333333333333,0.01,202070938.71377325,1.0564207678814885,True
214,-0.07308261561812142,9.84288484866377e-11,-3.3945374193443813e-11,-1.1605952463572841e-10,0.027331051989538075,81,0.3333333333333333,0.01,225013392.05692324,1.0874679003354668,True
215,-0.07432094726512385,1.1848642587714994e-10,-3.8161740468727e-11,-1.8859699476089492e-10,0.02734311762107169,89,0.3333333333333333,0.01,177737554.53219226,1.0782251216628933,False
216,-0.07615418803015815,1.6151320091609266e-10,-7.942537480886684e-11,-1.2593916250536468e-10,0.029758349198175604,91,0.3333333333333333,0.01,147411899.27502856,1.0741479721049014,False
217,-0.0725407747703923,1.0578527740771045e-10,-3.774644550886343e-11,-1.3095676724903033e-10,0.0263755720982601,87,0.3333333333333333,0.01,240882583.30739304,1.0871407197254144,False
218,-0.07168972586287506,8.15011813744987e-11,-5.1543342443020275e-11,-1.321080461583237e-11,0.028087500770381166,71,0.01,0.01,263331147.42144328,1.0496866796937767,True
219,-0.0713251741357095,1.5354727133987317e-10,-6.88303471480857e-11,-1.4654776179571859e-10,0.024849160976188663,91,0.1,0.01,111275729.02156396,1.1219100263627533,False
220,-0.0742334076092685,8.182491207562009e-11,-3.726879266617256e-11,-1.1665298104790866e-10,0.027419734161269003,81,0.3333333333333333,0.01,267347527.7147333,1.0936647105893622,False
221,-0.07376071376111568,1.9055761829395245e-10,-8.134741498084355e-11,-1.869811123432762e-10,0.024608045924258675,103,0.03333333333333333,0.01,122114341.46159635,1.1545523247410534,True
222,-0.07218986026032134,8.355448313181479e-11,-3.765144321305897e-11,-9.138834975048929e-11,0.027501641305795854,78,0.3333333333333333,0.01,242431921.02820268,1.0705366729692383,True
223,-0.07272759260645188,1.0870881990059103e-10,-4.666479556498608e-11,-4.7546718393751664e-11,0.027857614583534064,79,0.3333333333333333,0.01,251003828.827335,1.084857046603873,True
224,-0.071349578604473,1.0183265312940309e-10,-4.028457256491489e-11,-1.1779477947123318e-10,0.02616482858730061,82,0.3333333333333333,0.01,187365003.8362946,1.0756094252490067,True
225,-0.07310667693437523,8.037508772545593e-11,-3.8220328020546036e-11,-3.276390549986106e-11,0.027688657308120285,75,0.3333333333333333,0.01,317974927.28518814,1.0553469503830666,True
226,-0.07480846732407687,9.068481116677313e-11,-3.860930589458774e-11,-1.0647071859089492e-10,0.029675717551067543,77,0.3333333333333333,0.01,203812967.21063584,1.047890924828762,True
227,-0.07350630968543101,1.1977103163912562e-10,-5.1909631433052605e-11,-1.649600218833562e-10,0.026893028188390997,87,0.3333333333333333,0.01,164301480.71928972,1.0955691589051935,True
228,-0.07637037889378642,9.792591327068947e-11,-2.979750387517231e-11,-1.1489724916660204e-10,0.02896417682961015,81,0.3333333333333333,0.01,253337138.90410718,1.101357276779953,False
229,-0.07251761763703383,7.871741403497037e-11,-3.454490414273776e-11,-6.462939919167322e-11,0.027870134776322213,73,0.3333333333333333,0.01,255162287.1155483,1.057656365727194,True
230,-0.07252638140735378,8.555297511802908e-11,-3.954619674937569e-11,-6.354645474295076e-11,0.027108711662333144,77,0.3333333333333333,0.01,255779493.40956637,1.0857863917670643,True
231,-0.07325525000243673,1.305051188084238e-10,-5.965676202036208e-11,-1.2060053101597653e-10,0.027562023475955905,96,0.1,0.03333333333333333,253029735.07541186,1.1153690459126495,True
232,-0.07632404133458874,1.3998124248750057e-10,-5.4338182029837375e-11,-2.0795218795733724e-10,0.02804552531619866,89,0.3333333333333333,0.01,107751448.67030802,1.0946035364710178,True
233,-0.0730844236680672,1.488701329133474e-10,-6.454394670882282e-11,-2.1930192706120275e-10,0.024698162412520822,95,0.3333333333333333,0.01,78315780.47448733,1.1237994666437785,True
234,-0.07133676551322343,9.683793457226588e-11,-4.8957724727457226e-11,-7.401748588510909e-11,0.025936869875613566,82,0.3333333333333333,0.01,259991449.94587302,1.0854114246181215,False
235,-0.07576427992053156,7.081370191696782e-11,-2.349348193318172e-11,-7.836538392477407e-11,0.03024432660983266,76,0.3333333333333333,0.01,274229499.79384106,1.0971204491391098,True
236,-0.07394121651414252,8.859729262230587e-11,-3.7284533103481024e-11,-4.542269067107361e-11,0.0292606604430929,79,0.3333333333333333,0.01,300515351.30260074,1.0869003009981917,True
237,-0.07710047950471852,1.2200709807696018e-10,-5.3429518427999485e-11,-1.4881016516600697e-10,0.0295949343533764,81,0.3333333333333333,0.01,165627355.9327558,1.0750779309897178,False
238,-0.07226207937790802,1.531562133194506e-10,-7.172205726496356e-11,-1.9055786984278867e-10,0.02433946191791395,93,0.3333333333333333,0.01,93324878.90302312,1.1393612067487302,True
239,-0.07227047783123738,1.354255470295603e-10,-4.592749597377887e-11,-9.319200782820217e-11,0.02494271673969185,93,0.3333333333333333,0.01,276724096.2901621,1.1304887478471464,True
240,-0.07410572464967956,1.3597681557146125e-10,-6.977895137884401e-11,-7.522474819967737e-11,0.026968021321499232,96,0.3333333333333333,0.01,309492839.5467255,1.0999651921102587,False
241,-0.07264590704961453,9.674667883249196e-11,-3.110298061368194e-11,-9.598522860621373e-11,0.027674761266851977,83,0.3333333333333333,0.01,244117018.03973082,1.0985873423103727,False
242,-0.07325863408585756,8.961309367874929e-11,-4.0176720019198426e-11,-8.272602109386726e-11,0.026945497143014578,82,0.3333333333333333,0.01,253364479.1945013,1.0937943735265034,False
243,-0.07353456417071236,2.467284001654401e-10,-8.33560044717524e-11,-3.343335909964069e-10,0.02334505367769742,109,0.03333333333333333,0.01,7891006.252588719,1.1347480210017145,False
244,-0.0751255877111446,1.1894682937037584e-10,-3.1887533371957114e-11,-2.3854107808880533e-10,0.02612307785578107,106,0.3333333333333333,0.03333333333333333,220302522.1338078,1.1807551270591774,False
245,-0.07317376124406025,1.407004082373181e-10,-6.930232819278386e-11,-9.309076253092726e-11,0.027040664717794777,103,0.3333333333333333,0.03333333333333333,320014706.48180485,1.1612998308292548,True
246,-0.07272387731753564,1.045193823614416e-10,-2.1011464995631623e-11,-1.9446918937689235e-10,0.027883271663811417,89,0.3333333333333333,0.03333333333333333,152080179.67115736,1.1189799895166312,True
247,-0.07413965480497244,1.0135458942608237e-10,-3.902866799182155e-11,-1.3060341780753e-10,0.02792658885520845,85,0.3333333333333333,0.01,212359376.4539358,1.079448162877384,True
248,-0.07391752912543184,8.642365379938581e-11,-1.910903855041789e-11,-1.2173834683388424e-10,0.02544352988723619,90,0.3333333333333333,0.01,348773550.9731985,1.1037047431766829,False
249,-0.07570686259044405,8.189325140446032e-11,-3.5366663031678765e-11,-9.520847081850744e-11,0.029013777939241033,77,0.3333333333333333,0.01,256681846.1326627,1.0848880356540282,False
250,-0.07538957051823303,1.10261954110119e-10,-4.923897288977921e-11,-1.340635080268994e-10,0.028513121539567764,82,0.3333333333333333,0.01,180668837.44487736,1.0933112626480141,False
251,-0.07369970104926585,9.908377267844514e-11,-3.500980112433967e-11,-8.260517151050851e-11,0.026497172492513803,93,0.3333333333333333,0.01,344553840.1365911,1.1062465138063675,False
252,-0.07249365028712683,1.795681335102776e-10,-6.772865011358299e-11,-2.0055438056324027e-10,0.02404555769339937,98,0.03333333333333333,0.01,152770484.9697128,1.0987762976563822,True
253,-0.07031469500211225,1.214728314462962e-10,-4.0887016415912096e-11,-1.8651718871654158e-10,0.02650230749504196,106,0.3333333333333333,0.03333333333333333,108441165.623564,1.2277183241865235,False
254,-0.0728828185642766,1.1249716613837752e-10,-5.236300267528485e-11,-1.6278917499193552e-10,0.02593280667920634,88,0.3333333333333333,0.01,185585148.78783277,1.0770713156969025,False
255,-0.06976529133684482,5.41874881268172e-11,-1.2538641237230786e-11,-4.865912373143241e-11,0.028326652401563148,78,0.3333333333333333,0.03333333333333333,252520173.19117397,1.1045375731260505,False
256,-0.07459750369328402,9.848010569088206e-11,-2.991519395379748e-11,-1.677424203072537e-10,0.027865971440359717,86,0.3333333333333333,0.01,215950763.26148206,1.0967127234553073,False
257,-0.07518582092689031,9.064860505471387e-11,-3.433240686756633e-11,-1.2424714791150082e-10,0.02907757881422431,78,0.3333333333333333,0.01,231383816.33547637,1.0319550449910122,True
258,-0.07414662557668823,1.2999689264831902e-10,-6.568274439206343e-11,-1.7515037915300572e-10,0.026478532481225475,88,0.3333333333333333,0.01,148154061.27785373,1.0879709497331247,False
259,-0.07444522456855973,1.0026758298193946e-10,-3.401445359297564e-11,-1.3197953781057135e-10,0.028925914886135842,79,0.3333333333333333,0.01,187417082.08417386,1.0498529562980699,False
260,-0.07320412992803715,1.3212686882788484e-10,-4.12699374754966e-11,-1.6253412643482545e-10,0.026592259579968778,90,0.3333333333333333,0.01,184540729.61390847,1.0976025524843618,True
261,-0.07189186688533794,9.555527039382909e-11,-2.6028186219170576e-11,-1.8306295610123632e-10,0.025197373024862788,96,0.3333333333333333,0.01,250202910.70582706,1.1400155349393515,True
262,-0.07389158196796486,9.612506784510161e-11,-4.660579222341754e-11,-1.2473514480056139e-10,0.027939977524635427,82,0.3333333333333333,0.01,224667505.36631116,1.0854415811760303,True
263,-0.07354791162627544,9.285825045157151e-11,-3.9773953955657016e-11,-1.1543515646537831e-10,0.027140846611541106,80,0.3333333333333333,0.01,231280756.36822197,1.0744589240559546,False
264,-0.07386881177362035,1.0282972576697246e-10,-4.409072443920891e-11,-7.222486633647159e-11,0.02786143928333962,83,0.3333333333333333,0.01,257964549.8498724,1.1129643060923322,True
265,-0.07449557987003394,1.132966712124156e-10,-5.7412481490382584e-11,-1.4180550329686167e-10,0.028230991501961993,86,0.3333333333333333,0.01,192817727.0094971,1.0705964217169457,True
266,-0.07225307367746314,8.145540906347195e-11,-3.3350717901904206e-11,-1.0607841747454602e-10,0.02678196153227399,82,0.3333333333333333,0.01,278125838.830894,1.0717353054802472,False
267,-0.0747983708245372,1.0891521268847806e-10,-5.012525497535883e-11,-1.232811706312903e-10,0.02819023298712845,82,0.3333333333333333,0.01,220534238.8041567,1.0673461894269236,True
268,-0.07536614350585483,8.919213777570067e-11,-2.2300960437358144e-11,-1.2526554237093588e-10,0.02973963082363138,77,0.3333333333333333,0.01,212863653.32865557,1.0271148604997593,True
269,-0.07163908025014892,7.970096061534116e-11,-3.719401183718664e-11,-1.0404742194953591e-10,0.02612406030531315,82,0.3333333333333333,0.01,256912854.4511048,1.072486536087521,True
270,-0.07079484776477885,1.1095801948928945e-10,-5.196094168928175e-11,-1.0697895957883613e-10,0.024304882364700818,90,0.3333333333333333,0.01,239423169.32780972,1.1469119975184172,True
271,-0.07447881352597649,1.0981138843385311e-10,-4.3376121323898757e-11,-1.1383782639285289e-10,0.028247668139323053,82,0.3333333333333333,0.01,218940225.64521846,1.069034830052331,True
272,-0.07401937948173125,1.0506622667207904e-10,-3.347089528928604e-11,-1.5259315273055216e-10,0.027340559450530377,91,0.3333333333333333,0.01,231405566.3477207,1.068801705789346,True
273,-0.07170036151706012,1.3357765785697052e-10,-5.954856803524003e-11,-1.8366408588363751e-10,0.024256106502670335,92,0.3333333333333333,0.01,152587972.01317054,1.0877971895017207,False
274,-0.07275191928989315,1.1502931500761261e-10,-4.311388030975005e-11,-1.0566932704527781e-10,0.026861369952790124,83,0.3333333333333333,0.01,231753836.25409445,1.0799149758343805,False
275,-0.07234039250372724,1.1352900362035852e-10,-5.257325246688253e-11,-1.4471691507087883e-10,0.025992501426827616,85,0.3333333333333333,0.01,173319294.2507455,1.0808937005691177,True
276,-0.07148837838882138,8.013485817948107e-11,-3.717449791808248e-11,-3.801532120889652e-11,0.027143078567064424,74,0.3333333333333333,0.01,269445521.30341995,1.065055825493995,False
277,-0.0736591758419314,1.1635632890002749e-10,-4.845199117682104e-11,-1.4657883866184612e-10,0.02556185373272376,88,0.3333333333333333,0.01,219846390.97163442,1.1001316615259287,True
278,-0.07131995780536879,1.443157875210786e-10,-8.26043133022144e-11,-1.8105728639618766e-10,0.02421220539230046,100,0.03333333333333333,0.01,170983323.36499467,1.1310169003316675,True
279,-0.07453420294990719,1.347856694565657e-10,-6.356812192841586e-11,-1.6519869308005247e-10,0.026994178382716463,94,0.3333333333333333,0.01,191568396.94587573,1.1075069611835209,True
280,-0.07314744826577353,1.859381657182679e-10,-7.466541115581695e-11,-2.0931447987599552e-10,0.02414783422880694,101,0.3333333333333333,0.01,130856364.82237771,1.1334669428017325,True
281,-0.07538807173969234,1.3751390235328058e-10,-7.103791416533301e-11,-1.8403462385765474e-10,0.028112738553717046,91,0.3333333333333333,0.01,132983914.75298503,1.0872658831020854,True
282,-0.07377649846365907,1.1000647434010822e-10,-4.576839945867465e-11,-6.773104272515895e-11,0.027241609187935334,81,0.3333333333333333,0.01,258654224.58902287,1.0992857020094233,True
283,-0.07157384431251473,1.8182044463685553e-10,-8.490166213645267e-11,-1.9954233835045374e-10,0.022614194898154222,103,0.03333333333333333,0.01,155065915.47274667,1.1293876802271567,True
284,-0.07011947524427654,2.3131208709574147e-10,-6.885828492108849e-11,-1.7298443745156963e-10,0.02254057510865941,104,0.03333333333333333,0.01,166234809.1612807,1.169358264376385,True
285,-0.07313861443208546,6.52681231441417e-11,-2.1056463640682132e-11,-8.288424878139725e-11,0.028025964191185276,78,0.3333333333333333,0.01,300305633.80040807,1.082023751861557,True
286,-0.07224026476083045,1.494634631104143e-10,-7.22381028105387e-11,-1.871210764404124e-10,0.02425148507879961,93,0.3333333333333333,0.01,126981029.14555803,1.0936544495245468,False
287,-0.0723453468928066,1.459267024178806e-10,-5.530539265050868e-11,-1.8733643802233545e-10,0.024853529326275832,95,0.3333333333333333,0.01,162832649.3789984,1.109516107394132,False
288,-0.07213411868572593,9.245806400559107e-11,-4.2127341222093604e-11,-1.323364731125179e-10,0.025521114290337498,92,0.3333333333333333,0.01,286034663.63949585,1.0934535224746134,True
289,-0.07417136239003343,7.426305793271105e-11,-3.1986633839406884e-11,-1.0581209778358725e-10,0.027568792956311265,80,0.3333333333333333,0.01,292500154.78269273,1.0919286413186524,True
290,-0.07234361820973077,1.3198114263123346e-10,-5.170520024752286e-11,-1.8239942707314626e-10,0.024745734197823333,94,0.3333333333333333,0.01,202372252.48305774,1.1062677805804204,True
291,-0.0719178932244567,1.2683286651555363e-10,-4.604757597099001e-11,-1.9622468996479372e-10,0.02454269742323386,97,0.3333333333333333,0.01,205711847.8891335,1.1519537869423262,True
292,-0.07360192726181891,1.1835585337642565e-10,-5.379158609621687e-11,-1.463161959288123e-10,0.0255762406227647,92,0.3333333333333333,0.01,227557382.10465518,1.1033887377893412,True
293,-0.07406287346618386,7.866123284585117e-11,-2.2090256022742546e-11,-1.026221689118775e-10,0.02849903080515339,80,0.3333333333333333,0.01,290326239.3452619,1.0598278569299548,True
294,-0.0715647403088285,8.361872301364067e-11,-3.731984602158098e-11,-1.0564369410943599e-10,0.02638102664323508,78,0.3333333333333333,0.01,224539645.76377645,1.0566777425284182,False
295,-0.07445995493854514,1.2400112513095617e-10,-4.7259769433323736e-11,-2.1856969534594535e-10,0.025980924496422444,91,0.3333333333333333,0.01,155678201.5483086,1.07828492295047,False
296,-0.073662116887114,1.2752343929940517e-10,-6.346890320255403e-11,-1.1774316929201232e-10,0.027334539624602357,88,0.3333333333333333,0.01,199737250.04181558,1.108388910336807,False
297,-0.07523982065970737,1.008765573282861e-10,-4.227780581107399e-11,-1.307742243444143e-10,0.028776754743411515,78,0.3333333333333333,0.01,202693641.50328317,1.0634496759004932,True
298,-0.07273561362413605,1.065133793950464e-10,-4.085938318797757e-11,-1.5327804791377888e-10,0.02584116620448857,86,0.3333333333333333,0.01,189079387.25824538,1.0775715768303022,False
299,-0.07567322753612256,9.589964982326933e-11,-3.703999373459454e-11,-1.0520542839932725e-10,0.028258898005871176,85,0.3333333333333333,0.01,280185034.09120834,1.0818938393654047,True
300,-0.07401673282232751,1.2116630914585463e-10,-5.1734687926858174e-11,-1.67487880719613e-10,0.026898040027519523,87,0.3333333333333333,0.01,158211737.97039336,1.079869632411338,False
301,-0.07327316617218334,8.009527925005563e-11,-3.534570574289601e-11,-7.925130342827557e-11,0.028058923862805684,76,0.3333333333333333,0.01,273894824.2444985,1.0433970593723907,True
302,-0.07236601345671795,1.703465887046642e-10,-6.761707860533711e-11,-1.9853334773162792e-10,0.023807774002188364,97,0.3333333333333333,0.01,157543821.36076185,1.1065941718966468,True
303,-0.0731463148459171,1.310721655834113e-10,-6.721432353430625e-11,-1.988304371905445e-10,0.025562044053302178,97,0.1,0.01,161721770.32473367,1.1209257539636424,True
304,-0.0725929723805997,1.6702242859733575e-10,-6.144032871789501e-11,-1.897252244272461e-10,0.024719268521569495,99,0.3333333333333333,0.01,175788321.6673634,1.13437283464041,True
305,-0.07468614162306444,2.0314459979589737e-10,-1.0821903333812721e-10,-2.743003217471416e-10,0.02406810869847759,108,0.03333333333333333,0.01,55987742.60440102,1.1096052208661793,False
306,-0.07484933152404452,8.430161539487267e-11,-2.6878156583628617e-11,-1.2822838160057756e-10,0.02887044459172685,79,0.3333333333333333,0.01,238352683.90131015,1.0556107729440252,True
307,-0.07289916471028655,1.217187243321213e-10,-5.6624802192072663e-11,-1.097292045339097e-10,0.02713791224945988,90,0.3333333333333333,0.01,214096108.262934,1.0820378887728075,True
308,-0.07329085435950264,1.601130816012338e-10,-9.658023028863602e-11,-1.774697908500627e-10,0.024935446597575975,102,0.03333333333333333,0.01,175589759.7333155,1.1380075500838267,True
309,-0.072183654373831,1.4884280717210963e-10,-8.331080865687968e-11,-1.2333900649097237e-10,0.02475055591128782,96,0.1,0.01,198754978.51262525,1.1366165037133713,True
310,-0.07463923705418873,8.553094752561866e-11,-2.7459512338837365e-11,-1.2348431828403164e-10,0.027916660044096153,84,0.3333333333333333,0.01,271703620.2853908,1.0830868235175868,False
311,-0.07424244213592725,8.66266474953387e-11,-3.954997950192543e-11,-5.333546485765029e-11,0.02805726230181424,80,0.3333333333333333,0.01,296889481.61224806,1.0721971827760544,True
312,-0.07505451984012824,1.1994444902627524e-10,-4.108300578021005e-11,-1.506475517970506e-10,0.027209445761536305,87,0.3333333333333333,0.01,238834578.00128865,1.068428341798842,True
313,-0.07241543353863297,9.112202699463732e-11,-4.026162443483054e-11,-7.92210725143326e-11,0.027073651662123478,83,0.3333333333333333,0.01,274924824.4920534,1.0870810946893306,True
314,-0.07074484005625531,1.2232344018979113e-10,-6.389702849869569e-11,-6.361251112479858e-11,0.024970860057417523,86,0.3333333333333333,0.01,257404422.31426907,1.086336192459301,False
315,-0.07178962968747347,1.256209748402457e-10,-6.886183248560652e-11,-1.5019415020240702e-10,0.024956954740953455,93,0.1,0.01,174265671.40665284,1.1347237454857504,True
316,-0.07351640433470868,8.999416272055247e-11,-2.323820050269365e-11,-1.6257745127620507e-10,0.02605549752757921,91,0.3333333333333333,0.01,273908462.9033424,1.081764390972256,True
317,-0.07223041910547368,1.3890509619820943e-10,-8.068108797232099e-11,-2.027322469210217e-10,0.024385159437106892,97,0.1,0.01,121264569.93501411,1.1384116462181393,True
318,-0.07384638048202156,1.4171835807304904e-10,-7.614161754233617e-11,-1.7967126882848256e-10,0.02563443600579575,95,0.03333333333333333,0.01,176467763.5546165,1.1068225184850498,True
319,-0.07466117653294167,1.1665660553640772e-10,-5.8148679723658585e-11,-1.387715548466545e-10,0.027965181765352353,86,0.3333333333333333,0.01,219106654.235653,1.0752300316721772,True
320,-0.07386766994173159,1.1137242413557827e-10,-5.266174156016914e-11,-1.4547093324242894e-10,0.026832070038156925,87,0.3333333333333333,0.01,220810782.41942978,1.0648244095570354,True
321,-0.0736060034512821,1.3297116074135577e-10,-7.581169141112154e-11,-1.0621368624067863e-10,0.027550556035551368,81,0.3333333333333333,0.01,149432033.477855,1.072111694741962,True
322,-0.07268025996366048,8.154537242394828e-11,-2.971098064881854e-11,-1.0804021412702811e-10,0.027086781387032622,83,0.3333333333333333,0.01,269726329.4763788,1.0727351221713535,False
323,-0.07407511485518983,1.0084677273803403e-10,-3.962006003917558e-11,-1.191658027926218e-10,0.027758062649622592,83,0.3333333333333333,0.01,249293911.90578973,1.079445615267363,True
324,-0.07365680952470086,9.484153687329795e-11,-3.164161403328485e-11,-1.416902836609921e-10,0.02626382922844294,86,0.3333333333333333,0.01,284890665.72156775,1.0688872482572567,True
325,-0.0732987615160674,1.1750951187762028e-10,-5.537639893017675e-11,-1.5803091515645314e-10,0.02614030655937524,90,0.3333333333333333,0.01,205334902.14245617,1.0915911420678694,True
326,-0.07412844879343791,1.3989336118839777e-10,-8.340224093866563e-11,-8.889957087495375e-11,0.02876778599040168,80,0.3333333333333333,0.01,143023178.48822147,1.059147676850656,True
327,-0.07096836723600172,1.5930350652512282e-10,-8.947180723902557e-11,-1.4820824502777968e-10,0.022861361338573867,101,0.1,0.01,168304375.45811448,1.144722744015636,True
328,-0.07471695907637535,1.4385490836558159e-10,-7.431783987291646e-11,-1.9355919450826125e-10,0.026349798318021863,90,0.3333333333333333,0.01,140318809.87945324,1.0631590969426106,False
329,-0.07542430639457731,1.0586165178214306e-10,-4.4009352379539635e-11,-1.7792603475322182e-10,0.02799205943022878,84,0.3333333333333333,0.01,188568395.43826675,1.03977225167143,False
330,-0.07318362354212615,2.1943414099927985e-10,-9.899742736912019e-11,-2.7073502054356647e-10,0.022626718837771554,108,0.03333333333333333,0.01,49779208.55618787,1.1492806650708576,True
331,-0.07374846916309274,7.199657619058426e-11,-3.734587956583136e-11,-9.729332764495262e-11,0.028424993228402366,81,0.3333333333333333,0.01,273186179.83238816,1.1043466714958503,False
332,-0.07335789920218473,1.7684688192705132e-10,-8.026357543681695e-11,-1.939182906781381e-10,0.024621464280626122,100,0.03333333333333333,0.01,143424464.17805225,1.135941766433699,True
333,-0.07556046797177898,1.6507033338274863e-10,-8.307904368255824e-11,-2.202057010412856e-10,0.02617638965254935,102,0.3333333333333333,0.01,103310930.1100347,1.1483580547539058,True
334,-0.07298358099283306,8.918978856878216e-11,-3.3972099799962063e-11,-1.3676632893515212e-10,0.027544043332251262,84,0.3333333333333333,0.01,214269840.73618317,1.0994538095550352,False
335,-0.07376945915690943,1.5703390717443154e-10,-6.411114319409536e-11,-1.7278463667905936e-10,0.025011128464388285,99,0.3333333333333333,0.01,207356769.10393393,1.1286316011424802,True
336,-0.07277472391873341,1.023955899827827e-10,-4.099466397265529e-11,-1.3108427060038684e-10,0.02587143409014084,95,0.3333333333333333,0.01,277200845.5533044,1.1321436205765039,True
337,-0.07251562832219015,1.70901183012305e-10,-9.332177796605987e-11,-1.7525419386620854e-10,0.024415994587976424,102,0.03333333333333333,0.01,151055284.68596083,1.1359608633440799,True
338,-0.07435925550438864,1.3330312322792796e-10,-7.111907590346137e-11,-1.415518239331344e-10,0.027678816507777787,88,0.3333333333333333,0.01,150211519.415624,1.0850762756835224,True
339,-0.07400383509893518,1.0476498423948e-10,-3.990534168824314e-11,-1.4257287296993204e-10,0.02697588236994744,97,0.3333333333333333,0.03333333333333333,271348129.53648376,1.1547088918102044,True
340,-0.07125664611652628,9.421475878026417e-11,-4.6941198506910046e-11,-1.6605876606818097e-10,0.024381269129110143,100,0.1,0.03333333333333333,263046979.94709983,1.1735844973200864,True
341,-0.0750390692309211,1.844408063045972e-10,-1.1229839456240194e-10,-2.458095624994702e-10,0.02601588836021906,106,0.03333333333333333,0.01,79379698.30226144,1.1525273778564746,True
342,-0.0734788689176546,1.1826461561702333e-10,-4.881093916532174e-11,-1.238525437430863e-10,0.02773361089305849,95,0.3333333333333333,0.03333333333333333,241638999.5351169,1.1454045768242584,True
343,-0.07369406996574915,1.10194926983583e-10,-4.088028109107019e-11,-1.7132316318372688e-10,0.026270255377937427,98,0.3333333333333333,0.03333333333333333,258866232.16863206,1.1372293773317081,False
344,-0.07086977538879102,1.0227141406832073e-10,-4.4943922539051056e-11,-9.487568072474357e-11,0.024994555827920047,95,0.1,0.01,294061668.98980534,1.1322679003723757,False
345,-0.07073646979023163,8.875617259202291e-11,-4.626274904030871e-11,-5.972165945021297e-11,0.02653477397849045,85,0.3333333333333333,0.01,290944945.711214,1.0860366803992392,False
346,-0.07449869592910198,1.1534445836092028e-10,-6.195122035526608e-11,-8.551569203383739e-11,0.027944007204600937,87,0.3333333333333333,0.01,224885046.32003397,1.1185299791541172,False
347,-0.0734562667852677,1.1597979726769828e-10,-4.149565535066624e-11,-1.577750038531885e-10,0.027157855841714925,100,0.3333333333333333,0.03333333333333333,241519187.78532663,1.1519263352856037,False
348,-0.07306157976401985,9.750738271839153e-11,-3.745129801708394e-11,-6.521762781645729e-11,0.02930765367317584,77,0.3333333333333333,0.01,194439667.9454778,1.0393275076522022,False
349,-0.07360699577265063,1.5116241251203674e-10,-9.623906573984434e-11,-3.7627359753502696e-11,0.027340764233349416,90,0.01,0.01,231038425.45627397,1.1087215856314587,True
350,-0.0772445442304898,1.0317778051675447e-10,-2.570667170341424e-11,-1.6994342105046692e-10,0.029689178429289295,80,0.3333333333333333,0.01,208098146.64625603,1.029149584915329,True
351,-0.07440432345602156,8.652958907188029e-11,-3.385212900203367e-11,-1.0847665350594897e-10,0.02837517740428345,80,0.3333333333333333,0.01,237717552.02743357,1.070297306394389,True
352,-0.0764146767914006,1.3327750762827608e-10,-5.813055709460957e-11,-1.773196229843387e-10,0.02915985427426681,85,0.3333333333333333,0.01,123603483.94600216,1.0649702263837173,False
353,-0.07127717341740453,1.8340047741445786e-10,-1.2466680562905688e-10,-2.1718991914116358e-10,0.02239885049117086,106,0.03333333333333333,0.01,67400027.56747442,1.133133780461865,True
354,-0.0685305276499541,1.1461466387750263e-10,-5.418497249390045e-11,7.874473563496393e-11,0.023533672174746854,73,0.1,0.01,292714800.13657755,1.100807920405208,False
355,-0.07226584151230442,1.4554915151211303e-10,-8.901973002959215e-11,4.84945353030981e-12,0.025687991251471635,87,0.1,0.01,238715766.31468707,1.11755988424905,False
356,-0.07597654355885482,1.2082314865626003e-10,-4.774020493106747e-11,-1.5850049312737079e-10,0.02885338432175049,89,0.3333333333333333,0.01,181538957.59789148,1.0907852696816729,False
357,-0.0765230319208122,8.15696466874529e-11,-3.2265902182751477e-11,-7.248569599561299e-11,0.03141958746894982,69,0.3333333333333333,0.01,223159018.12876633,1.0483851904454753,True
358,-0.07372472234492465,9.732162694518695e-11,-4.040353361766165e-11,-1.240793203395613e-10,0.028302133170222177,83,0.3333333333333333,0.01,210217942.46992168,1.0747094615021575,True
359,-0.0722218085612621,9.371598489111367e-11,-4.18382304146021e-11,-1.4506250948580127e-10,0.025421062564125598,99,0.3333333333333333,0.03333333333333333,305181450.96401346,1.12936764161743,True
360,-0.07576422373601249,1.1689444423160802e-10,-3.205172906411622e-11,-2.35717939965344e-10,0.02691780226577028,107,0.3333333333333333,0.03333333333333333,219930522.25638664,1.1690588954454333,True
361,-0.0735831445100493,1.3434482802794045e-10,-5.887759486244317e-11,1.4234996489125158e-11,0.027165645978114324,85,0.3333333333333333,0.01,281857399.35897315,1.0859273640110354,False
362,-0.07414692040049434,8.256647090754968e-11,-3.665169661367628e-11,-7.244370626115974e-11,0.030893459223575625,73,0.3333333333333333,0.01,175094528.00667524,1.0687713504173326,False
363,-0.06983521102355705,6.432730980176846e-11,-5.467256769596241e-11,7.507844726386914e-12,0.024345691478363005,95,0.1,0.01,432381319.47860324,1.1427462246730502,False
364,-0.07041474624510778,1.0397114790600862e-10,-4.067687814524231e-11,-1.571948769002283e-10,0.024175551428890715,106,0.3333333333333333,0.03333333333333333,287908114.54732895,1.196224942907382,True
365,-0.07368071655824597,9.639495026494617e-11,-2.9338088268293764e-11,-1.2137820821204178e-10,0.028224495294766075,87,0.3333333333333333,0.01,230122323.1040077,1.1079283778192912,True
366,-0.0733483396328128,1.0112347159976151e-10,-2.935635204790189e-11,-1.9997912985391005e-10,0.02559669921567862,103,0.3333333333333333,0.03333333333333333,268315084.79634792,1.1543230822239592,True
367,-0.07212684288868965,9.143680284274956e-11,-5.593926596390458e-11,2.764452234547858e-11,0.027046255378567658,79,0.3333333333333333,0.01,325058014.51049334,1.0960858713935164,True
368,-0.07482588360425975,1.1296235009435973e-10,-5.186452521400615e-11,-7.055011276629283e-11,0.02792822910438872,88,0.3333333333333333,0.01,275058725.9081919,1.1081167673091108,False
369,-0.07376336659315885,1.0737200987135851e-10,-5.4898481288638504e-11,-9.269682353302868e-11,0.027326052244782035,80,0.3333333333333333,0.01,233945300.70577863,1.0798109674789422,False
370,-0.0677215145040168,1.1531369870583801e-10,-8.439216301582905e-11,1.218431101787835e-10,0.02355225981080176,80,0.1,0.01,303841863.1426086,1.12603474610567,False
371,-0.07281081450401988,1.2568742283545196e-10,-7.512562697848309e-11,-6.4156664883744594e-12,0.02750565847411632,86,0.3333333333333333,0.01,273246003.1277407,1.0949347883060843,True
372,-0.07519360817019964,1.8840629513973336e-10,-1.1661226267964974e-10,-1.2393406774690998e-10,0.02882988738236374,85,0.01,0.01,47812789.07941756,1.0252064070237006,True
373,-0.07487519260884772,1.701608352333093e-10,-5.75241885562708e-11,-1.850516525914937e-10,0.028035080597825234,82,0.3333333333333333,0.01,95500842.43087465,1.039771781782437,True
374,-0.0747073996428714,9.713909890300619e-11,-2.876195574743277e-11,-1.9545474876341345e-10,0.027341755610547195,88,0.3333333333333333,0.01,214447550.63051817,1.0798825321091559,False
375,-0.07128145393081031,1.597065860728584e-10,-9.904440562445209e-11,-1.5642792468386042e-10,0.023312083052627098,101,0.1,0.01,160253811.5542127,1.1404748813734427,True
376,-0.07821371159332469,1.334371244558585e-10,-4.2899752463296624e-11,-1.1602061806218095e-10,0.030239114264149797,82,0.3333333333333333,0.01,191704143.84931406,1.0543774336674394,False
377,-0.07248532566587061,8.674586863620302e-11,-3.104687543538114e-11,-4.7889619099388467e-11,0.027553219468113604,75,0.3333333333333333,0.01,255600170.16116446,1.0439702623497993,False
378,-0.07293645782912903,1.073347552237204e-10,-3.373847756670139e-11,-1.8024177482900847e-10,0.025996409556472637,95,0.3333333333333333,0.01,241890435.71348172,1.0849790391193286,True
379,-0.07137133468199211,1.1439529781281849e-10,-5.895885563407698e-11,1.3789398198836745e-11,0.026809213715050472,81,0.03333333333333333,0.01,291120510.5494327,1.0889125933250265,False
380,-0.07090667570045119,1.1133340810561289e-10,-5.467851550161159e-11,-1.2284601687252114e-10,0.024454537100665433,104,0.3333333333333333,0.03333333333333333,318356349.6224718,1.1865823299321618,False
381,-0.07207998214005759,9.481412354119434e-11,-2.76705763687985e-11,-1.3448389250501254e-10,0.025131829551155532,95,0.3333333333333333,0.01,276251963.4630338,1.1833006584391428,True
382,-0.0756790937804078,9.983040575587162e-11,-4.872038544096162e-11,-6.490865505978846e-11,0.030178730026610527,71,0.3333333333333333,0.01,231584889.82931104,1.0410136767980374,True
383,-0.07271412353752285,1.1263892848371604e-10,-5.84745526779991e-11,-6.014041217044748e-12,0.02905465281473468,69,0.3333333333333333,0.01,197261994.04513818,1.0913076240808945,True
384,-0.07380805818918207,1.3461021361594921e-10,-8.079343615015116e-11,-1.1914618104191338e-10,0.027987199642828507,79,0.03333333333333333,0.01,104389650.10836777,1.0665902661697524,True
385,-0.0728644180965537,8.695862582092443e-11,-3.2415730424369704e-11,-1.0230133722044098e-10,0.027716524811176212,80,0.3333333333333333,0.01,250900559.7952133,1.0579705861578979,True
386,-0.07659826151704262,8.719589052426438e-11,-2.6145771579909615e-11,-1.6900413970039394e-10,0.030683358238210792,84,0.3333333333333333,0.01,169323354.7997965,1.09993744720675,True
387,-0.0732977591048051,1.1181304577444999e-10,-5.351729252539694e-11,-3.013057097111479e-11,0.029079696822427035,78,0.3333333333333333,0.01,201542850.71032596,1.0919451401659757,False
388,-0.07090016680364614,1.4018921675587368e-10,-4.3609633600078137e-11,-1.4797507947270192e-10,0.02393258390156806,97,0.3333333333333333,0.01,256024799.8585157,1.1212390311933003,True
389,-0.0721884207788189,1.0671572861527988e-10,-6.231321018751308e-11,-3.8734417687962964e-11,0.02721170303516877,83,0.1,0.01,253878519.12085772,1.0813956630667052,False
390,-0.07322855646791225,1.0917396057002044e-10,-4.5701053549450226e-11,-6.650818087790596e-11,0.027265908582897617,84,0.3333333333333333,0.01,274018106.94256395,1.0894495968627826,False
391,-0.07425799222051545,1.3609950683034425e-10,-4.007500089577732e-11,-9.284204107772494e-11,0.029059082843158824,82,0.3333333333333333,0.01,171134356.13166302,1.095163164748268,False
392,-0.06993003980318346,9.001633843122449e-11,-3.5645504324468526e-11,-1.1949988843317847e-11,0.02457545738409486,83,0.3333333333333333,0.01,351667342.47271585,1.1046380435349936,True
393,-0.06794138398767732,1.4794025089217843e-10,-8.15207430977451e-11,5.84637196872426e-11,0.02388816370359491,86,0.3333333333333333,0.01,242695755.26818058,1.128716104704938,False
394,-0.07381320392895623,1.0353284137193753e-10,-4.673325901960049e-11,-1.3195168129976733e-10,0.028097846506100393,85,0.3333333333333333,0.01,187317934.07099587,1.0966480720957654,False
395,-0.07221894282566486,8.662481052887874e-11,-4.052598716527701e-11,-3.271526632345895e-11,0.028994012673300186,76,0.3333333333333333,0.01,224631227.9670902,1.0826398674044235,False
396,-0.07160480051180591,1.2123926502106622e-10,-6.626413702096866e-11,-1.0703392410769616e-10,0.025107442418508253,90,0.3333333333333333,0.01,239488639.65886524,1.1010894221580048,False
397,-0.07008561569891676,1.2134043869211432e-10,-5.7494048716902325e-11,-1.6307285159096586e-10,0.023070164474790444,109,0.3333333333333333,0.01,270712147.0182483,1.1828775020260998,False
398,-0.07085535336712735,1.5694684011770185e-10,-1.1154128938302718e-10,-1.187912277010273e-10,0.024123437229186553,102,0.03333333333333333,0.01,157978270.93150908,1.1705888967756868,True
399,-0.07092486462027392,1.169249015465277e-10,-3.4185435690655003e-11,-1.3998842260180322e-10,0.02457882051272283,95,0.3333333333333333,0.01,271556653.2436057,1.1302888446069785,True
400,-0.07195297803494781,1.950876322644387e-10,-7.243955104408846e-11,-1.7874708177754444e-10,0.024841588915524952,97,0.03333333333333333,0.01,108320117.5562635,1.1163043013458671,False
401,-0.07121362125128722,1.1170766877710944e-10,-5.63150655669863e-11,-9.977909268993056e-11,0.02549298538158888,90,0.3333333333333333,0.01,249593772.99626616,1.1016279707617513,True
402,-0.0731658531376426,1.1003551833698768e-10,-5.813217892734253e-11,-7.176886176514127e-11,0.029024961464783214,80,0.3333333333333333,0.01,199558360.37744668,1.075614845724219,True
403,-0.07325442012605045,1.9545847867035516e-10,-1.4454130449013453e-10,-1.5772309740488154e-10,0.025561013502346984,105,0.03333333333333333,0.01,98513720.56676897,1.1062641588224384,False
404,-0.07332430060805893,9.7903303877603e-11,-4.8071523790800074e-11,-5.0768195356852186e-11,0.029364045835064193,74,0.3333333333333333,0.01,225303125.81799626,1.0825542358280107,False
405,-0.07167050210184689,1.356947453670993e-10,-6.155094185585247e-11,-1.1558342715811284e-10,0.026675577372163094,87,0.03333333333333333,0.01,148111657.71900323,1.1015605681144804,False
406,-0.07379596345368064,1.2704068846105886e-10,-6.937387161826386e-11,-1.6856678211404826e-11,0.03093980133182795,72,0.3333333333333333,0.01,212295785.29746917,1.0426798263063886,True
407,-0.075313228795598,2.2336288128471623e-10,-1.3823137116818261e-10,-1.0079857481993161e-11,0.03212034012411058,82,0.03333333333333333,0.01,147983669.70446426,1.0138689170752122,True
408,-0.06871947284989216,1.2432959758671643e-10,-7.745411782167205e-11,2.5273322606256412e-11,0.02325199101399971,91,0.03333333333333333,0.01,332868073.87998646,1.0976756014063525,False
409,-0.07130506442648936,1.5993885475930084e-10,-1.0603619746569472e-10,-7.60312558415011e-11,0.025341138209555053,88,0.03333333333333333,0.01,130638669.0179497,1.1096326184595353,False
410,-0.0706749756808887,9.651280170510954e-11,-3.776575533120815e-11,-6.474881283500443e-11,0.026090609460835124,87,0.3333333333333333,0.01,261784360.08294058,1.1305253275335667,True
411,-0.06963482226490592,9.099784017072965e-11,-4.100256989088151e-11,-2.5385550597475644e-11,0.026456534774546715,83,0.3333333333333333,0.01,295425063.1630293,1.0747772903386463,True
412,-0.06675418205039584,9.511727183359528e-11,-5.155999581711203e-11,6.682564931180923e-12,0.023639689494828097,83,0.1,0.01,247039310.02153778,1.1205118638996014,True
413,-0.07080123462964917,8.751674943126859e-11,-4.9206712398690605e-11,-4.1983926964579265e-11,0.027113465123173686,84,0.1,0.01,238859484.7929772,1.1191650127444706,True
414,-0.07018238647547095,1.2760406509474391e-10,-9.340968086413849e-11,-2.5341554726940835e-11,0.025755092068102947,82,0.01,0.01,191901766.06519264,1.0801791979939985,False
415,-0.07099467924164868,1.2187423606940247e-10,-7.879056921687319e-11,-9.153403452600344e-11,0.026567527292533734,78,0.03333333333333333,0.01,112564153.16605765,1.0730374033250343,False
416,-0.07157645872520751,1.4610958221137438e-10,-8.278565546774746e-11,-9.960123859765142e-11,0.026775366760001584,84,0.03333333333333333,0.01,124790017.13323711,1.0781871391968048,False
417,-0.06981002248058217,7.744424754375681e-11,-3.200239581491477e-11,-8.116756404966595e-11,0.024404479404548676,94,0.3333333333333333,0.01,342595153.7454678,1.1443822276602247,False
418,-0.07439452490790317,1.7813871917699738e-10,-1.0359828165190193e-10,-1.343918613413399e-10,0.028099571428519713,96,0.03333333333333333,0.01,70294380.08710065,1.1400994594267386,False
419,-0.06803943251164085,9.730684262319141e-11,-5.277497914468185e-11,-4.115039073439918e-11,0.023244502464603634,97,0.1,0.01,303744341.84053403,1.1592109107288595,False
420,-0.07009337451186957,1.7575632331635305e-10,-1.2354040084532414e-10,-1.5514074904000629e-10,0.02437358374405766,108,0.03333333333333333,0.01,87359663.99179754,1.1651522064553552,True
421,-0.07208274411142956,1.2922975880854305e-10,-8.300926556865238e-11,-7.624579653817466e-11,0.02563059667149059,96,0.03333333333333333,0.01,291803186.497188,1.1224002410084437,True
422,-0.07212730077825062,1.5619971836420028e-10,-1.0254139298028918e-10,-9.265863712609075e-11,0.025703093089752757,99,0.03333333333333333,0.01,240360508.71549177,1.142860043420604,True
423,-0.07259929909649869,1.358894248605446e-10,-6.865024088880371e-11,-1.2014910589762162e-10,0.026082132643048733,91,0.03333333333333333,0.01,190445267.16934863,1.1329074836555788,False
424,-0.07282464259281364,9.391832825003607e-11,-4.382969551338926e-11,-5.115258939777218e-11,0.027741987678452765,84,0.3333333333333333,0.01,323846906.71261024,1.0912602375443292,False
425,-0.07059796140364581,1.1014793985643058e-10,-4.1773442047757e-11,-1.2886248603513205e-10,0.02471062775037766,95,0.3333333333333333,0.01,248440354.11881003,1.1234794879276777,False
426,-0.07021678986886866,1.1254579849441692e-10,-7.02862077348976e-11,-1.3892970577489203e-11,0.025071665519310088,95,0.1,0.01,304188445.0164287,1.1523637607327992,True
427,-0.07028254462459628,1.3403546325703847e-10,-7.426536849096598e-11,3.759082215657631e-11,0.02858868788165553,85,0.1,0.01,256567912.91075435,1.0933119908974496,False
428,-0.06986683689016758,1.0553239603489267e-10,-7.174090301384221e-11,4.3076923067305524e-11,0.026346366232004138,79,0.03333333333333333,0.01,318557213.50550973,1.052311873979853,True
429,-0.07095550996857604,1.266475678600996e-10,-6.295374062136299e-11,-1.3596470848164346e-10,0.02550843476259008,94,0.3333333333333333,0.01,159854399.93964997,1.1216095527352041,False
