specimen_id,e-type,m-type,me-type,upright_angle,soma_distance_from_pia,estimated_shrinkage_factor,estimated_slice_angle
313860745,Exc_3,,,,,,
313861411,Inh_10,,,,,,
313861539,Inh_9,,,,,,
313861608,Inh_8,,,,,,
313861677,Exc_3,,,,,,
313861794,Exc_3,,,,,,
313861828,Exc_3,,,,,,
313861934,Exc_3,,,,,,
313862022,Exc_3,Spiny_8,ME_Exc_6,150.3199554,492.1002752,2.97763625,-25.45310727
313862134,Inh_13,,,,,,
313862167,Inh_13,Aspiny_1,ME_Inh_15,119.6297049,408.4672732,2.030599392,-21.21326851
313862274,Inh_6,,,,,,
313862306,Inh_5,,,,,,
313862373,Inh_2,Aspiny_4,ME_Inh_7,249.1831456,926.6524277,1.61471427,-29.98569257
314529406,Exc_3,,,,,,
314617802,Exc_3,,,,,,
314642645,Exc_3,Spiny_3,ME_Exc_17,233.9146954,372.685943,2.251238181,24.77312525
314800874,Exc_3,,,,,,
314800921,Exc_1,,,,,,
314804042,Exc_3,Spiny_4,ME_Exc_16,238.3369087,492.3543309,2.874653604,-12.59536745
314822529,Exc_2,Spiny_16,ME_Exc_5,70.85457783,729.838719,2.300419443,-4.24161551
314831019,Exc_3,Spiny_8,ME_Exc_13,332.6970895,512.4715484,2.473288484,11.89938174
314857059,Exc_3,,,,,,
314900022,Exc_3,Spiny_7,ME_Exc_17,201.7100754,415.7992937,3.295644679,23.05685154
318331264,Inh_11,,,,,,
318522838,Inh_11,,,,,,
318543876,Inh_11,,,,,,
318553131,Inh_10,,,,,,
318556138,Inh_11,,,,,,
318733871,Exc_3,Spiny_5,ME_Exc_19,131.8098136,401.431631,3.62266885,-12.46366938
318808427,Exc_3,Spiny_5,ME_Exc_20,151.2193343,374.4886248,2.232142857,16.80752147
320207387,Exc_3,Spiny_12,ME_Exc_13,216.2902092,508.6168213,2.21528547,8.279642511
320247631,Inh_11,,,,,,
320421014,Inh_9,,,,,,
320455763,Inh_13,,,,,,
320466776,Inh_13,,,,,,
320466871,Inh_12,,,,,,
320639930,Exc_3,,,,,,
320654829,Exc_1,,,,,,
320668841,Exc_3,,,,,,
320668879,Exc_3,Spiny_9,ME_Exc_13,284.953652,497.0567343,3.935860058,8.896025826
320836481,Exc_3,,,,,,
320880293,Exc_3,,,,,,
321013314,Exc_3,,,,,,
321016044,Inh_11,,,,,,
321019600,Inh_10,,,,,,
321023397,Inh_11,,,,,,
321704734,Inh_10,,,,,,
321707833,Inh_12,,,,,,
321707905,Inh_12,,,,,,
321708130,Inh_11,Aspiny_4,ME_Inh_6,165.7685636,816.0585721,3.401360544,-10.1659316
321893798,Exc_3,,,,,,
321906005,Exc_3,Spiny_5,ME_Exc_18,143.5693924,503.1940993,2.210884354,-5.572197804
321923492,Exc_3,,,,,,
321923685,Inh_10,,,,,,
322197160,Inh_2,,,,,,
322197295,Inh_5,,,,,,
322229594,Inh_6,,,,,,
322246422,Inh_6,,,,,,
322274121,Exc_3,,,,,,
322297406,Exc_3,,,,,,
322500634,Inh_6,,,,,,
322507839,Inh_5,,,,,,
322515253,Inh_7,,,,,,
322520586,Inh_12,,,,,,
322536988,Inh_6,,,,,,
322723785,Exc_3,,,,,,
322761772,Exc_3,,,,,,
322762730,Exc_3,,,,,,
322781822,Exc_3,,,,,,
323452196,Inh_10,Aspiny_10,ME_Inh_11,132.3928369,990.8918948,2.417941123,-20.93682262
323452245,,Spiny_2,,137.9238664,217.8672588,3.280839895,13.51115413
323475862,Inh_5,Aspiny_9,ME_Inh_26,33.09252471,607.2395601,3.670987725,-4.124466762
323501938,Inh_4,,,,,,
323523338,Inh_9,,,,,,
323535089,Inh_3,,,,,,
323540736,Inh_13,,,,,,
323777372,Exc_3,,,,,,
323788096,Exc_3,,,,,,
323834998,Inh_6,,,,,,
323838579,Exc_3,,,,,,
323865917,Exc_3,Spiny_11,ME_Exc_17,181.0188573,564.8486359,3.13283208,-1.184022889
324025297,Exc_3,Spiny_4,ME_Exc_17,273.9453065,464.2912222,2.682115653,-6.427357123
324025371,Exc_3,Spiny_4,ME_Exc_17,217.8058894,390.4489739,1.839451139,25.37693353
324032509,Exc_3,,,,,,
324053519,Exc_3,,,,,,
324053705,Exc_3,,,,,,
324065524,Exc_3,,,,,,
324256803,Inh_5,,,,,,
324257146,Inh_3,,,,,,
324266146,Inh_6,,,,,,
324266189,Inh_6,Aspiny_1,ME_Inh_25,154.7967545,321.1459368,2.211975294,-2.207497065
324466628,Inh_7,,,,,,
324466858,Inh_6,,,,,,
324493977,Inh_6,Aspiny_1,ME_Inh_15,207.3317815,266.5619748,3.138229792,21.80947812
324495712,Inh_2,,,,,,
324521027,Exc_3,Spiny_9,ME_Exc_13,144.7855066,535.1301693,2.152259442,18.05255727
324522388,Inh_6,,,,,,
324532703,Exc_1,,,,,,
325158873,Exc_3,,,,,,
325464516,Exc_3,,,,,,
325471170,Exc_1,,,,,,
325479788,Exc_3,,,,,,
325480372,Exc_3,,,,,,
325815086,Exc_3,,,,,,
325853048,Exc_3,,,,,,
325903081,Exc_3,,,,,,
325919795,Exc_3,,,,,,
325941643,Exc_3,Spiny_11,ME_Exc_6,161.2603053,715.9250667,2.760676918,2.168806855
326508751,Exc_4,,,,,,
326734770,Inh_1,,,,,,
326774520,Inh_3,,,,,,
326786924,Inh_3,,,,,,
327566447,Inh_2,,,,,,
327644217,Inh_3,,,,,,
327648537,Inh_1,,,,,,
327679841,Inh_1,,,,,,
327706437,Inh_3,,,,,,
327962063,Inh_3,Aspiny_13,ME_Inh_2,202.3342014,251.9663241,3.494911409,16.81249794
327997484,Inh_1,,,,,,
328015342,Inh_6,,,,,,
328031983,Inh_6,,,,,,
328093618,Inh_2,,,,,,
328535908,Inh_5,,,,,,
328549885,Inh_4,,,,,,
328876201,Inh_4,,,,,,
328954223,Inh_4,,,,,,
329224678,Inh_7,,,,,,
329241587,Inh_7,,,,,,
329254830,Inh_7,,,,,,
329322109,Inh_13,,,,,,
329549957,Exc_3,,,,,,
329550137,Exc_3,Spiny_4,ME_Exc_17,125.8552485,447.4671124,2.286938236,14.44066909
329550277,Exc_3,Spiny_6,ME_Exc_19,145.9934729,444.9424534,3.714285714,-11.79980077
329554301,Exc_3,,,,,,
329554392,Exc_2,,,,,,
329557305,Exc_3,,,,,,
330154280,Inh_8,,,,,,
333604946,Inh_13,Aspiny_8,ME_Inh_12,227.7517436,347.9507403,3.074141049,-21.06279928
333785962,Inh_2,Aspiny_9,ME_Inh_13,133.8739886,519.0500019,2.945876877,-2.26629066
336676216,Inh_9,,,,,,
341016267,Inh_10,,,,,,
341442651,Inh_12,Aspiny_7,ME_Inh_10,225.5643121,203.1926282,2.204585538,-22.58243561
341459814,Inh_12,,,,,,
348592897,Exc_3,Spiny_3,ME_Exc_13,159.6147419,449.8484809,1.850290363,15.12178626
349593629,Exc_3,,,,,,
349621141,Exc_3,Spiny_7,ME_Exc_17,191.6454791,473.8585121,3.371420614,-1.426315901
354190013,Exc_3,Spiny_12,ME_Exc_13,305.2853078,597.2054017,2.11135147,13.95104766
354833767,Exc_1,Spiny_5,ME_Exc_20,229.0222385,387.9876749,2.104591837,23.69126059
356237593,Exc_3,,,,,,
367567889,Exc_3,,,,,,
369697038,Exc_3,,,,,,
370351753,Exc_3,Spiny_5,ME_Exc_18,153.7755807,448.9162282,2.926356412,12.15509678
370694659,Exc_3,,,,,,
382982932,Exc_3,Spiny_7,ME_Exc_14,161.911709,386.2714578,2.329701527,21.80140949
385492488,Exc_3,,,,,,
386049446,Exc_3,Spiny_3,ME_Exc_17,167.4521071,348.2007274,3.484163913,8.118757933
386970660,Exc_3,Spiny_5,ME_Exc_18,208.3309509,455.733281,3.968253968,3.795433057
388874977,Inh_7,,,,,,
395785266,Exc_3,,,,,,
395830185,Exc_3,Spiny_4,ME_Exc_17,208.950733,372.9703798,2.535496957,33.56462322
395851985,Exc_3,,,,,,
396274594,Inh_12,,,,,,
396369826,Inh_13,,,,,,
396608557,Inh_8,Aspiny_10,ME_Inh_9,158.9484403,649.7063975,2.28046704,-13.05124544
396650742,Inh_12,,,,,,
396652279,Inh_13,,,,,,
396687610,Inh_12,,,,,,
396903166,Exc_3,,,,,,
396903227,Exc_3,,,,,,
396939115,Inh_5,,,,,,
396963717,Inh_9,,,,,,
396968721,Inh_6,,,,,,
397129612,Inh_8,,,,,,
397220859,Inh_9,,,,,,
397243949,Inh_9,,,,,,
397248752,Inh_1,,,,,,
397345294,Exc_3,,,,,,
397348126,Exc_3,,,,,,
397351623,Exc_3,Spiny_5,ME_Exc_18,157.3022285,468.4762246,2.813592118,17.31851354
397353539,Exc_3,Spiny_4,ME_Exc_16,207.4183764,322.8928264,2.538852131,5.657058576
397354239,Exc_3,,,,,,
422055317,Exc_3,,,,,,
422738880,Exc_3,Spiny_5,ME_Exc_18,208.0344796,425.2448851,1.828741972,8.382383795
439024551,Inh_1,,,,,,
439372920,Inh_1,,,,,,
441000782,Inh_1,,,,,,
442627661,Inh_1,,,,,,
464079491,Exc_3,,,,,,
464188580,Inh_1,,,,,,
464191630,Inh_3,,,,,,
464198958,Inh_3,,,,,,
464212183,Inh_6,,,,,,
464290292,Inh_11,,,,,,
464326158,Exc_3,,,,,,
464368713,Inh_12,,,,,,
465924786,Exc_3,,,,,,
466114829,Inh_9,,,,,,
466245544,Inh_8,Aspiny_19,ME_Inh_9,213.5740166,981.2510119,2.534874973,-12.46366938
466271455,Inh_3,,,,,,
466378900,Exc_3,,,,,,
466431949,Exc_3,,,,,,
466632464,Exc_3,Spiny_18,ME_Exc_2,348.4766443,884.5157735,3.018472187,18.68438869
466664172,Inh_5,,,,,,
466705337,Inh_4,,,,,,
466800233,Exc_3,,,,,,
466827702,Exc_3,,,,,,
467003163,Exc_3,,,,,,
467357834,Exc_3,,,,,,
467703703,Exc_3,Spiny_8,ME_Exc_17,202.0043196,465.0533118,2.647425681,9.96293096
467782778,Inh_12,,,,,,
467831649,Exc_3,,,,,,
468054671,Exc_3,,,,,,
468120757,Exc_2,Spiny_12,ME_Exc_13,204.4598762,541.0889975,1.831434746,3.134565165
468193142,Exc_3,Spiny_4,ME_Exc_17,176.2052581,438.2139832,2.56417927,8.426693767
469610831,Inh_11,,,,,,
469614747,Inh_13,,,,,,
469661756,Exc_3,,,,,,
469704261,Exc_1,Spiny_5,ME_Exc_4,169.1694888,431.3506516,1.935670233,-10.68267578
469720505,Exc_3,,,,,,
469734859,Exc_3,,,,,,
469753383,Inh_1,,,,,,
469761118,Exc_3,,,,,,
469763389,Exc_3,,,,,,
469793303,Exc_3,Spiny_5,ME_Exc_18,192.2976298,464.977714,2.69200743,0.303766554
469798159,Exc_3,Spiny_4,ME_Exc_18,157.0882053,387.9184738,3.7385041,2.08799361
469800845,Exc_3,,,,,,
469801138,Inh_13,,,,,,
469801569,Inh_11,,,,,,
469803003,Exc_3,,,,,,
469803127,Exc_3,,,,,,
469832490,Exc_3,,,,,,
469864405,Exc_3,,,,,,
469992918,,Aspiny_8,,213.4918448,409.8038973,3.160690403,-20.67147248
470062597,Inh_11,,,,,,
470098860,Exc_3,,,,,,
470581375,Inh_6,,,,,,
471077468,Inh_13,Aspiny_9,ME_Inh_12,146.9000984,435.2854667,2.075289575,-10.27858478
471077857,Inh_9,Aspiny_9,ME_Inh_13,164.144926,637.3616268,1.221941176,0
471085676,Inh_8,,,,,,
471087830,Inh_8,Aspiny_3,ME_Inh_9,194.6723412,803.9136418,1.504890895,-6.903828904
471129934,Exc_3,Spiny_9,ME_Exc_13,144.8302601,500.5549712,1.984126984,-2.218640209
471131311,Exc_4,,,,,,
471141261,Exc_3,Spiny_11,ME_Exc_6,133.5155236,627.7552051,1.8633008,17.44760135
471143169,Exc_3,Spiny_16,ME_Exc_5,191.6807802,704.7645331,1.920167131,2.696624941
471410185,Exc_3,Spiny_17,ME_Exc_6,118.0403451,894.3402011,1.690447934,27.225628
471758398,Exc_1,Spiny_5,ME_Exc_20,175.0634723,701.8468199,1.520302114,-1.052998802
471767045,Exc_4,Spiny_13,ME_Exc_1,223.5814042,545.1332417,2.086811352,29.16102201
471786879,Exc_3,Spiny_18,ME_Exc_2,220.2470728,876.2232846,3.302194859,6.881875592
471789504,Exc_2,Spiny_18,ME_Exc_2,162.7310594,904.5666985,2.283926298,10.21293618
471800189,Exc_1,Spiny_13,ME_Exc_4,134.5307712,740.6746722,2.750048126,19.22734197
471819401,Exc_2,,,,,,
472517038,Inh_9,,,,,,
473011949,Inh_7,,,,,,
473020156,Exc_3,Spiny_4,ME_Exc_17,208.3855745,421.1029173,2.970022572,1.548157699
473111617,Exc_3,,,,,,
473540161,Inh_6,Aspiny_1,ME_Inh_25,207.5989323,291.5359899,2.852376478,-19.5954919
473543792,Inh_6,Aspiny_11,ME_Inh_25,216.9233132,807.4244544,3.079204685,11.14672816
473564515,Inh_6,Aspiny_12,ME_Inh_24,150.0175009,818.3523803,2.472368987,11.07091699
473593847,Inh_7,,,,,,
473601979,Exc_3,Spiny_7,ME_Exc_5,161.6434297,553.6582373,2.499420866,8.012436086
473611755,Exc_1,Spiny_5,ME_Exc_20,152.7487243,294.622023,2.651515152,10.72414794
473642382,Exc_3,,,,,,
473909767,Inh_7,,,,,,
473943881,Inh_1,Aspiny_8,ME_Inh_20,169.0827119,351.9471202,3.516483516,3.500442665
473951795,Inh_5,,,,,,
473974547,Inh_3,,,,,,
474267418,Inh_3,,,,,,
474283475,Inh_1,,,,,,
474626527,Inh_3,Aspiny_10,ME_Inh_1,216.0524769,400.9289692,2.922077922,5.085857688
474637203,Inh_3,,,,,,
474652473,Inh_1,,,,,,
474660482,Inh_2,,,,,,
475029659,Inh_6,,,,,,
475047891,Inh_4,,,,,,
475049291,Inh_6,,,,,,
475057898,Inh_6,Aspiny_2,ME_Inh_24,147.8570501,816.1138294,3.230400042,4.398705355
475068599,Inh_6,Aspiny_7,ME_Inh_15,191.0216669,199.10839,1.959554789,3.174944328
475132727,Inh_9,,,,,,
475202388,Inh_4,Aspiny_4,ME_Inh_23,224.2234844,802.8632036,3.571428571,-26.99171436
475330208,Exc_2,,,,,,
475400072,Exc_3,,,,,,
475459689,Exc_3,Spiny_4,ME_Exc_17,152.0506926,443.0719487,2.690457485,-1.30161667
475465708,Inh_6,,,,,,
475512108,Inh_8,,,,,,
475515168,Inh_6,,,,,,
475517090,Inh_6,,,,,,
475517157,Inh_5,,,,,,
475542743,Inh_7,,,,,,
475542907,Inh_7,,,,,,
475549284,Inh_13,Aspiny_12,ME_Inh_11,209.6426947,555.53566,2.399748026,0.299288826
475549334,Inh_9,,,,,,
475550148,Inh_9,,,,,,
475580568,Inh_13,,,,,,
475585413,Inh_3,Aspiny_18,ME_Inh_18,155.0868076,75.48706769,4.405253076,-18.20076026
475585451,Inh_5,,,,,,
475586130,Inh_7,,,,,,
475619045,Inh_2,,,,,,
475619177,Inh_1,,,,,,
475622680,Inh_3,,,,,,
475622793,Inh_3,,,,,,
475623964,,Aspiny_15,,168.6412914,207.0491149,5.245449573,0
475625477,Inh_3,,,,,,
475740357,Inh_7,,,,,,
475744706,Exc_3,Spiny_16,ME_Exc_5,170.2162846,728.6872479,1.775848461,3.10739602
475751758,Exc_3,,,,,,
475838754,Exc_3,,,,,,
475848827,Exc_3,,,,,,
475888653,Inh_13,,,,,,
475892238,Inh_13,,,,,,
475895240,Inh_11,,,,,,
476048909,Exc_3,Spiny_9,ME_Exc_13,137.133722,482.8514753,2.327712683,11.48814968
476049169,Exc_3,Spiny_18,ME_Exc_2,177.6903809,731.9000367,2.134389714,2.541455651
476051620,Exc_3,,,,,,
476053392,Exc_3,,,,,,
476054829,Exc_3,,,,,,
476054887,Exc_3,Spiny_9,ME_Exc_13,204.162316,464.224055,2.21748044,6.562535484
476056333,Exc_3,,,,,,
476086391,Exc_3,Spiny_7,ME_Exc_20,137.760508,340.5172023,2.068055437,13.26993478
476087653,Exc_3,,,,,,
476093220,Inh_2,,,,,,
476099282,Inh_3,,,,,,
476100382,Inh_7,,,,,,
476104386,Inh_12,,,,,,
476126528,Exc_3,Spiny_3,ME_Exc_17,219.3952584,430.3591875,1.956732726,9.852122876
476129135,Exc_3,,,,,,
476131588,Exc_3,Spiny_5,ME_Exc_18,210.8693917,431.3453061,2.751170394,4.121871839
476135066,Exc_3,Spiny_3,ME_Exc_13,144.058762,426.9050979,5.456349206,8.998163799
476144118,Exc_3,,,,,,
476178907,Exc_3,,,,,,
476198393,Exc_3,,,,,,
476216637,Exc_3,Spiny_7,ME_Exc_14,218.611894,350.6122807,2.698098226,14.62492035
476218657,Exc_3,Spiny_8,ME_Exc_13,220.3952896,431.9885909,3.873699682,14.46468749
476263004,Exc_3,Spiny_10,ME_Exc_2,214.1877132,766.1747942,2.28309013,23.25969081
476266853,Exc_3,,,,,,
476269122,Exc_3,,,,,,
476451456,Exc_3,Spiny_4,ME_Exc_17,201.9562854,438.5819911,2.769525152,4.213739177
476452460,Exc_3,,,,,,
476455864,Exc_3,Spiny_3,ME_Exc_15,153.5168196,372.2015678,3.752675247,2.966995173
476457450,Exc_3,Spiny_5,ME_Exc_18,209.131069,428.1795731,4.131422732,21.71079183
476525478,Exc_3,,,,,,
476550499,Exc_2,,,,,,
476557750,Exc_3,,,,,,
476562817,Exc_3,Spiny_3,ME_Exc_17,154.8099082,453.6705307,4.880952381,9.851101187
476615310,Inh_1,,,,,,
476616076,Exc_3,Spiny_3,ME_Exc_17,228.546566,430.0119957,2.54988857,14.44066909
476619123,Exc_3,,,,,,
476686112,Inh_6,Aspiny_1,ME_Inh_25,150.291974,310.8648379,4.467277195,-22.9441256
476741830,Inh_7,,,,,,
476753465,Inh_6,,,,,,
476754635,Inh_6,,,,,,
476823462,Exc_3,Spiny_3,ME_Exc_16,121.8502624,381.4562122,2.235985958,-12.68038349
477127614,Exc_3,Spiny_7,ME_Exc_14,135.6779894,277.1248474,2.182539683,7.821235507
477129850,Exc_1,,,,,,
477135941,Exc_3,Spiny_7,ME_Exc_14,158.664081,423.366129,3.039196133,5.420514543
477278032,Inh_1,,,,,,
477490421,Inh_12,,,,,,
477564985,Exc_3,,,,,,
477862382,Exc_2,,,,,,
477879512,Inh_1,,,,,,
477880128,Inh_7,Aspiny_13,ME_Inh_2,160.5206506,213.1022686,2.668308703,17.17197128
477930684,Exc_3,,,,,,
477991293,Inh_1,,,,,,
478058328,Inh_13,Aspiny_4,ME_Inh_12,133.0541723,845.2462521,2.597402597,-17.48645677
478107198,Inh_1,,,,,,
478110866,Inh_3,Aspiny_16,ME_Inh_3,171.9387426,561.9858098,2.832893291,8.253055235
478111731,Inh_3,,,,,,
478396248,Inh_6,,,,,,
478412623,Inh_6,,,,,,
478439166,Exc_3,,,,,,
478447600,Exc_3,,,,,,
478497530,Exc_3,Spiny_12,ME_Exc_5,215.5195844,551.1464962,2.493900335,10.69937078
478498617,Exc_3,,,,,,
478499902,Exc_3,Spiny_2,ME_Exc_15,132.5902063,370.665884,2.363309797,12.93639776
478500297,Exc_3,,,,,,
478586295,Exc_1,Spiny_12,ME_Exc_3,216.8306227,558.3341023,3.463443355,14.17282631
478586425,Exc_3,,,,,,
478588073,Exc_3,,,,,,
478716304,Inh_6,,,,,,
478793814,Inh_13,,,,,,
478795872,Inh_10,,,,,,
478888052,Exc_3,Spiny_12,ME_Exc_13,210.4578104,549.7816399,2.671986889,2.246173956
478888083,Inh_6,,,,,,
478891084,Inh_10,,,,,,
478892782,Exc_3,Spiny_4,ME_Exc_18,227.9999123,376.2902265,2.503078787,27.3306088
478949560,Inh_11,,,,,,
478958894,Inh_10,,,,,,
479010903,Exc_3,Spiny_5,ME_Exc_20,301.1250944,573.1907267,2.743994605,3.24431362
479013100,Exc_3,Spiny_7,ME_Exc_15,176.9091871,341.7614024,3.057571724,0
479015224,Exc_3,,,,,,
479091820,Exc_3,,,,,,
479107488,Inh_5,,,,,,
479150681,Exc_3,,,,,,
479179020,Exc_3,Spiny_8,ME_Exc_13,159.2479888,477.538619,2.057770716,15.30039492
479218494,Inh_1,,,,,,
479219923,Inh_3,,,,,,
479220013,Inh_1,,,,,,
479225052,Exc_4,Spiny_14,ME_Exc_1,148.7926886,605.1873597,3.327964218,29.58084241
479225080,Exc_3,Spiny_9,ME_Exc_13,124.458677,520.1242045,2.441644692,23.67976401
479225274,Inh_8,,,,,,
479225294,Exc_3,,,,,,
479298821,Exc_3,,,,,,
479298854,Inh_12,,,,,,
479303890,Exc_4,,,,,,
479415457,Exc_3,,,,,,
479492633,Exc_3,,,,,,
479492800,Exc_4,,,,,,
479508018,Exc_3,,,,,,
479679997,Inh_1,,,,,,
479682071,Exc_3,,,,,,
479683481,Exc_2,,,,,,
479704527,Exc_3,Spiny_9,ME_Exc_13,128.8882906,500.610658,2.247756739,16.04967249
479711015,Exc_3,,,,,,
479721491,Exc_3,Spiny_9,ME_Exc_13,209.5485213,484.6161545,2.92997363,5.396957162
479722622,Exc_4,,,,,,
479728896,Exc_3,Spiny_5,ME_Exc_18,184.8911246,462.247012,2.112135177,-0.284075071
479766169,Exc_2,,,,,,
479770916,Exc_4,Spiny_14,ME_Exc_1,306.1413139,588.2624517,0.830006719,0
479771670,Inh_3,,,,,,
479772774,Inh_13,,,,,,
479897420,Inh_3,,,,,,
479905853,Inh_3,Aspiny_2,ME_Inh_24,216.7408586,696.9673255,2.272301216,11.15538104
479993900,Exc_2,,,,,,
480003970,Exc_4,Spiny_14,ME_Exc_1,135.5245178,596.020865,1.953497822,-16.97027701
480008325,Exc_3,,,,,,
480011594,Inh_8,,,,,,
480087928,Exc_3,Spiny_4,ME_Exc_17,157.2505268,426.8720518,2.372867056,2.657981415
480090260,Exc_3,,,,,,
480114344,Exc_3,Spiny_9,ME_Exc_13,212.3185887,493.1930672,3.51458553,4.407644488
480116737,Exc_3,Spiny_9,ME_Exc_12,225.9391662,527.9641345,2.068095898,29.93406024
480121089,Exc_3,,,,,,
480122859,Exc_3,Spiny_12,ME_Exc_5,152.345084,590.5735799,6.398809524,15.73876572
480124551,Exc_3,Spiny_7,ME_Exc_14,210.0052281,394.4102509,3.668351663,-6.076211468
480169178,Exc_3,Spiny_8,ME_Exc_13,220.0988516,531.1774641,5.199667221,5.22979621
480169202,Exc_4,,,,,,
480169278,Exc_3,,,,,,
480171348,Inh_9,,,,,,
480171386,Exc_3,,,,,,
480183339,Inh_6,,,,,,
480187546,Inh_7,,,,,,
480266505,Exc_4,,,,,,
480268803,Exc_3,,,,,,
480273887,Exc_3,,,,,,
480351780,Exc_4,Spiny_12,ME_Exc_1,137.4499958,610.4583061,2.079866889,11.30840245
480353286,Exc_3,Spiny_12,ME_Exc_13,187.5844234,580.4673827,3.169014085,3.251270707
480364000,Exc_3,,,,,,
480640846,Inh_12,,,,,,
480643417,Exc_3,,,,,,
480647923,Exc_3,,,,,,
480648382,Exc_3,,,,,,
480705931,Exc_1,,,,,,
480714960,Inh_12,,,,,,
480718588,Exc_4,,,,,,
480735016,Inh_9,,,,,,
480778441,Exc_3,,,,,,
480792667,Exc_3,,,,,,
480798873,Exc_3,,,,,,
480952106,Inh_8,,,,,,
480963429,Inh_13,,,,,,
480999763,Inh_3,,,,,,
481001895,Inh_7,,,,,,
481003593,Inh_3,,,,,,
481003643,Inh_1,,,,,,
481004298,Inh_1,,,,,,
481018305,Inh_13,,,,,,
481049269,Inh_13,,,,,,
481093098,Inh_1,,,,,,
481093525,Inh_12,Aspiny_11,ME_Inh_9,146.8019159,682.9314514,5.052264808,-7.980725402
481099415,Inh_10,,,,,,
481099785,Inh_9,,,,,,
481127173,Inh_8,,,,,,
481127348,Inh_8,,,,,,
481127932,Inh_8,,,,,,
481136138,Inh_12,Aspiny_10,ME_Inh_10,189.7504794,607.3589152,2.995391705,3.085198792
481136214,Inh_1,,,,,,
482435718,Inh_3,,,,,,
482444444,Inh_13,,,,,,
482491330,Inh_12,,,,,,
482493761,Inh_7,,,,,,
482511164,Inh_1,,,,,,
482516216,Inh_2,,,,,,
482516713,Inh_12,Aspiny_11,ME_Inh_10,141.2940987,723.028742,3.892123315,-16.41942708
482521571,Inh_1,,,,,,
482644550,Inh_8,,,,,,
482645063,Inh_3,,,,,,
482649712,Inh_1,,,,,,
482652174,Exc_3,,,,,,
482654108,Inh_2,,,,,,
482658760,Inh_12,,,,,,
482690728,Inh_11,,,,,,
482692974,Inh_6,,,,,,
482726727,Exc_3,,,,,,
482726749,Inh_3,,,,,,
482735425,Inh_7,,,,,,
482744155,Inh_7,,,,,,
482764620,Inh_3,,,,,,
482772037,Inh_3,,,,,,
482773968,Inh_1,,,,,,
482799345,Inh_9,,,,,,
482809953,Exc_3,,,,,,
482905575,Exc_3,,,,,,
482910438,Exc_3,,,,,,
483018019,Exc_3,,,,,,
483019067,Exc_3,,,,,,
483020137,Exc_3,Spiny_7,ME_Exc_14,232.8179013,419.5176263,2.653061224,14.24629121
483024426,Exc_3,,,,,,
483027960,Exc_3,,,,,,
483057325,Exc_3,,,,,,
483061182,Exc_3,Spiny_3,ME_Exc_16,165.3790692,423.0751561,3.180256965,2.665881765
483068687,Exc_3,Spiny_8,ME_Exc_13,208.4589391,497.9224349,2.809820886,16.76556127
483083080,,,,,,,
483083617,Inh_6,,,,,,
483091861,Exc_3,,,,,,
483092310,Exc_3,Spiny_4,ME_Exc_13,158.3020744,444.2441546,2.740627055,1.318044385
483099796,Exc_3,,,,,,
483101699,Exc_3,Spiny_2,ME_Exc_17,227.0328112,361.753005,2.332910768,-16.83245193
483109334,Exc_3,,,,,,
483111429,Inh_13,,,,,,
484457747,Inh_7,,,,,,
484509440,Exc_3,,,,,,
484515166,Exc_3,,,,,,
484559000,Exc_4,,,,,,
484564503,Exc_3,Spiny_7,ME_Exc_14,153.9233708,501.8492653,1.93452381,8.709479976
484571248,Inh_6,,,,,,
484629749,Inh_13,,,,,,
484635029,Inh_12,,,,,,
484659182,Exc_3,,,,,,
484679812,Exc_3,Spiny_7,ME_Exc_14,160.7174594,456.6668989,2.71950272,12.08146988
484737013,Exc_3,,,,,,
484738748,Exc_3,,,,,,
484742372,Inh_11,,,,,,
484742605,Inh_12,,,,,,
484770879,Exc_3,,,,,,
485048967,Inh_12,,,,,,
485053941,Inh_8,,,,,,
485058595,Inh_6,,,,,,
485060618,Inh_12,,,,,,
485061364,Inh_12,,,,,,
485161419,Exc_3,Spiny_3,ME_Exc_13,184.4748732,363.8309046,1.785714286,22.16151683
485182007,Inh_12,,,,,,
485182362,Exc_1,,,,,,
485184849,Inh_12,Aspiny_8,ME_Inh_10,204.3263668,302.9256072,2.521008403,11.53046704
485245025,Inh_9,,,,,,
485253111,Inh_12,,,,,,
485287282,Inh_7,,,,,,
485287944,Exc_3,,,,,,
485288679,Exc_3,,,,,,
485339983,Exc_2,,,,,,
485455219,Inh_7,,,,,,
485455249,Inh_2,,,,,,
485455285,Inh_2,,,,,,
485466109,Inh_6,,,,,,
485468180,Exc_3,Spiny_5,ME_Exc_17,150.8229347,384.0691687,2.75616232,11.77132447
485490864,Exc_3,,,,,,
485570335,Exc_3,,,,,,
485570372,Exc_3,,,,,,
485574721,Exc_3,Spiny_9,ME_Exc_13,131.2129996,493.9347256,2.775090785,7.369814503
485574832,Exc_4,Spiny_12,ME_Exc_1,205.1629944,553.4537298,2.089008473,7.291450616
485577686,Exc_3,,,,,,
485578197,Exc_2,,,,,,
485579168,Exc_1,,,,,,
485608017,Exc_3,,,,,,
485610263,Exc_3,,,,,,
485630699,Inh_13,,,,,,
485639243,Inh_9,,,,,,
485834744,Exc_4,,,,,,
485835016,Exc_4,Spiny_13,ME_Exc_1,224.6794655,573.7783835,2.090759262,25.14356251
485835055,Exc_4,Spiny_14,ME_Exc_1,145.4856132,634.3824761,2.22677899,13.21359048
485836906,Exc_3,Spiny_3,ME_Exc_17,136.3976074,360.1268612,2.072382675,10.98701186
485837504,Exc_3,Spiny_8,ME_Exc_13,207.2934231,485.3382658,4.512635379,12.70514034
485838981,Exc_4,Spiny_13,ME_Exc_1,210.9312908,570.4301501,2.16656556,13.23916703
485880739,Exc_4,Spiny_14,ME_Exc_1,150.5990273,578.0374826,2.377442823,5.267676051
485884503,Exc_3,,,,,,
485887209,Exc_3,,,,,,
485889190,Exc_3,,,,,,
485905391,Inh_9,,,,,,
485905411,Exc_2,,,,,,
485909730,Exc_3,Spiny_7,ME_Exc_14,200.421486,473.2798102,2.578257704,15.42138631
485911892,Exc_3,Spiny_17,ME_Exc_6,144.6288385,759.2626474,1.909307876,18.96603435
485911966,Exc_3,,,,,,
485912047,Exc_3,Spiny_8,ME_Exc_13,226.6079592,446.9549146,3.9408867,-1.437494681
485931158,Exc_3,Spiny_4,ME_Exc_16,246.6840388,431.1200243,4.807692308,18.67153184
485932822,Exc_2,,,,,,
485934207,Exc_4,,,,,,
485938494,Exc_2,,,,,,
485954440,Exc_3,,,,,,
485955037,Exc_3,,,,,,
485955227,Exc_3,,,,,,
485955982,Exc_3,,,,,,
485956826,Exc_3,,,,,,
485958978,Exc_3,,,,,,
486025194,Exc_3,Spiny_8,ME_Exc_13,170.8214722,496.8852074,2.897844096,11.16874446
486029942,Exc_3,,,,,,
486052980,Exc_4,Spiny_12,ME_Exc_1,202.7274421,645.0544005,1.816708633,7.924368755
486054618,Exc_1,,,,,,
486106720,Exc_3,,,,,,
486108147,Exc_3,,,,,,
486110216,Exc_1,Spiny_7,ME_Exc_5,217.9764205,670.5795843,2.205882353,4.052271116
486111903,Exc_4,Spiny_14,ME_Exc_1,205.1467672,631.3120402,2.079566004,6.48173681
486132712,Exc_4,Spiny_12,ME_Exc_1,206.0336951,473.5142884,2.337186575,11.16803202
486146717,Exc_3,Spiny_3,ME_Exc_13,167.2733315,430.5987595,3.903654485,14.95478768
486146828,Exc_3,,,,,,
486175203,Exc_3,,,,,,
486176465,Exc_3,,,,,,
486178939,Exc_3,,,,,,
486191673,Exc_1,,,,,,
486196663,Exc_3,,,,,,
486198953,Exc_3,,,,,,
486235288,Exc_3,,,,,,
486236426,Exc_4,,,,,,
486239338,Exc_3,Spiny_3,ME_Exc_17,152.2322881,400.767864,2.955606786,15.26307209
486246801,Exc_1,,,,,,
486262299,Exc_1,Spiny_2,ME_Exc_7,201.8305786,207.8078841,3.123823861,6.914371772
486264574,Exc_3,,,,,,
486352114,Inh_8,,,,,,
486466923,Exc_3,,,,,,
486472847,Exc_3,,,,,,
486500736,Exc_3,,,,,,
486502127,Exc_3,Spiny_4,ME_Exc_17,149.9704579,459.0619129,3.241521107,9.829442099
486508983,Exc_3,,,,,,
486509644,Exc_3,,,,,,
486510127,Exc_3,,,,,,
486513293,Inh_12,,,,,,
486514107,Inh_9,,,,,,
486557574,Inh_3,,,,,,
486560376,Exc_3,Spiny_2,ME_Exc_16,124.0375913,355.8066918,2.391579454,21.81019577
486753754,Exc_3,,,,,,
486754703,Inh_11,,,,,,
486755781,Inh_12,,,,,,
486756093,Exc_3,,,,,,
486776965,Exc_3,,,,,,
486777819,Inh_12,,,,,,
486783119,Inh_12,,,,,,
486791945,Inh_10,,,,,,
486875162,Inh_3,,,,,,
486893033,Exc_3,Spiny_7,ME_Exc_13,131.4299088,494.1353872,2.950310559,9.842736955
486896849,Inh_12,Aspiny_1,ME_Inh_10,204.5832427,422.0566206,3.457128154,16.655109
486921382,Inh_7,,,,,,
486941367,Inh_1,,,,,,
487099387,Inh_3,Aspiny_16,ME_Inh_1,137.2645796,328.5688284,3.418367347,-0.00858583
487155664,Inh_1,,,,,,
487158599,Inh_3,,,,,,
487176969,Inh_3,,,,,,
487306716,Inh_9,,,,,,
487323089,Inh_10,,,,,,
487352877,Inh_11,,,,,,
487353993,Exc_3,,,,,,
487358945,Exc_3,,,,,,
487359276,Inh_12,,,,,,
487400838,Inh_12,,,,,,
487405644,Inh_13,,,,,,
487445455,Exc_3,,,,,,
487446992,Exc_3,,,,,,
487447111,Exc_3,,,,,,
487537399,Inh_12,,,,,,
487594856,Inh_11,,,,,,
487601493,Exc_3,Spiny_8,ME_Exc_13,151.5825527,474.4747348,3.042266645,10.51973489
487640196,Inh_9,,,,,,
487659462,Exc_3,,,,,,
487661754,Exc_3,Spiny_1,ME_Exc_7,156.3515854,169.3267482,2.400468384,-2.780344598
487663469,Exc_4,,,,,,
487664070,Exc_3,,,,,,
487664663,Exc_3,Spiny_14,ME_Exc_1,173.2624926,619.5741843,1.462585034,11.43020408
487667205,Inh_9,,,,,,
488117124,Exc_3,Spiny_9,ME_Exc_13,212.0165272,503.3195334,3.023342915,1.30161667
488230133,Inh_8,,,,,,
488359338,Exc_1,,,,,,
488380827,Exc_1,,,,,,
488419491,Exc_3,,,,,,
488420599,Exc_3,Spiny_7,ME_Exc_15,141.0488028,424.5205666,1.838385489,23.82224211
488426904,Exc_3,,,,,,
488428837,Exc_3,,,,,,
488430421,Exc_3,,,,,,
488430487,Exc_2,,,,,,
488432250,Exc_3,,,,,,
488434725,Exc_3,,,,,,
488438177,Inh_9,,,,,,
488440436,Inh_13,,,,,,
488440893,Inh_12,,,,,,
488448839,Exc_3,,,,,,
488450754,Inh_9,,,,,,
488462885,Exc_3,,,,,,
488467273,Exc_3,,,,,,
488471111,Exc_3,,,,,,
488473535,Inh_13,,,,,,
488491186,Inh_12,,,,,,
488491756,Inh_2,,,,,,
488493019,Inh_9,,,,,,
488495740,Inh_3,,,,,,
488496181,Inh_12,,,,,,
488497498,Inh_9,,,,,,
488501071,Inh_12,Aspiny_9,ME_Inh_12,208.5074668,364.8867309,3.389535496,3.964025325
488501165,Exc_3,,,,,,
488501487,Inh_9,,,,,,
488504814,Inh_12,Aspiny_11,ME_Inh_9,197.3363165,733.4092844,5.272108844,12.30111832
488543754,Inh_6,,,,,,
488569196,Exc_3,,,,,,
488674910,Inh_8,,,,,,
488675026,Exc_3,,,,,,
488676149,Exc_3,,,,,,
488677318,Inh_6,,,,,,
488677942,Inh_7,,,,,,
488677994,Inh_13,Aspiny_1,ME_Inh_15,239.7675403,326.1665655,2.921239798,6.379370208
488679042,Exc_4,Spiny_14,ME_Exc_1,217.0877198,640.5600205,2.324807489,8.606475049
488680211,Exc_3,Spiny_17,ME_Exc_3,125.6437268,764.0610418,1.673193193,12.60438265
488680917,Exc_4,Spiny_13,ME_Exc_1,222.251303,517.7826842,1.550014867,10.01732351
488681087,Inh_7,,,,,,
488683322,Inh_6,,,,,,
488683425,Exc_4,Spiny_14,ME_Exc_1,162.5522158,648.3939304,3.816094761,3.172780082
488685185,Inh_12,,,,,,
488686369,Inh_1,,,,,,
488687042,Inh_10,,,,,,
488687894,Exc_2,Spiny_17,ME_Exc_3,207.1992135,788.6358242,2.744333931,16.24065444
488688344,Exc_1,,,,,,
488688374,Exc_3,,,,,,
488688580,Inh_9,,,,,,
488689365,Exc_3,,,,,,
488689403,Exc_4,,,,,,
488695444,Exc_3,Spiny_12,ME_Exc_13,138.4959257,547.9648911,2.021403554,10.38579626
488697163,Exc_3,Spiny_16,ME_Exc_6,220.3567171,746.8777949,2.486927642,12.20402433
488697964,Inh_10,,,,,,
488698341,Exc_4,Spiny_13,ME_Exc_1,212.712118,537.4059545,1.902587519,25.9150573
488699635,Inh_3,,,,,,
488707768,Inh_12,,,,,,
488711144,Inh_12,,,,,,
488712472,Inh_12,,,,,,
489259263,Exc_3,,,,,,
489719193,Inh_9,,,,,,
489731121,Exc_3,,,,,,
489751692,Exc_3,,,,,,
489751959,Exc_3,,,,,,
489752610,Exc_3,,,,,,
489753228,Exc_3,,,,,,
489753277,Exc_3,,,,,,
489754156,Exc_3,,,,,,
489885173,Exc_3,,,,,,
489887491,Exc_3,,,,,,
489888847,Exc_3,,,,,,
489888898,Exc_3,,,,,,
489912680,Exc_3,,,,,,
489923501,Exc_3,,,,,,
490149337,Inh_3,,,,,,
490170480,Exc_3,,,,,,
490171952,Exc_3,,,,,,
490172112,Exc_3,,,,,,
490173806,Inh_7,,,,,,
490205998,Exc_3,Spiny_9,ME_Exc_13,153.9380644,423.8762992,3.066698402,2.480205377
490259231,Exc_3,Spiny_18,ME_Exc_2,214.1631779,888.6486569,3.424489996,9.328122469
490259892,Exc_3,,,,,,
490263211,Exc_3,,,,,,
490263438,Exc_3,,,,,,
490264167,Exc_2,,,,,,
490267219,Exc_3,,,,,,
490267468,Exc_3,,,,,,
490276212,Inh_6,,,,,,
490278904,Inh_4,,,,,,
490283114,Exc_3,,,,,,
490283519,Exc_3,,,,,,
490376252,Exc_4,,,,,,
490382353,Inh_8,Aspiny_4,ME_Inh_6,202.5090058,764.0601759,4.518950437,3.863351644
490385956,Exc_3,,,,,,
490386426,Inh_8,,,,,,
490387590,Inh_12,Aspiny_10,ME_Inh_10,142.46022,418.3749977,3.333333333,30.21017679
490485142,Exc_1,Spiny_18,ME_Exc_4,143.5415755,826.0938477,3.087655905,11.24102892
490558274,Exc_2,,,,,,
490576429,Exc_4,,,,,,
490601284,Exc_3,,,,,,
490612150,Exc_2,,,,,,
490612844,Exc_2,,,,,,
490624177,Exc_3,,,,,,
490626718,Exc_3,,,,,,
490626827,Exc_3,,,,,,
490712265,Exc_3,,,,,,
490718897,Exc_2,,,,,,
490729633,Inh_3,,,,,,
490733962,Exc_4,,,,,,
490746462,Inh_6,,,,,,
490772223,Exc_4,,,,,,
490779678,Exc_4,,,,,,
490789494,Inh_6,,,,,,
490790207,Exc_4,,,,,,
490908575,Inh_12,,,,,,
490912243,Inh_7,,,,,,
490916882,Exc_3,Spiny_14,ME_Exc_1,216.3759194,590.945173,2.790338731,18.34637702
490916919,Exc_1,,,,,,
490931049,Exc_3,,,,,,
490966322,Exc_3,,,,,,
490982660,Exc_3,,,,,,
491026389,Inh_5,,,,,,
491029832,Inh_6,,,,,,
491030723,Inh_5,,,,,,
491031969,Inh_12,,,,,,
491038812,Inh_11,,,,,,
497499510,Exc_3,,,,,,
497560724,Inh_7,,,,,,
497583188,Exc_3,,,,,,
497590510,Exc_1,,,,,,
497611660,Exc_2,Spiny_18,ME_Exc_3,195.3721134,769.7881531,3.951022096,14.54618769
500857324,Exc_3,,,,,,
500859045,Exc_3,,,,,,
500862585,Inh_10,,,,,,
500864322,Inh_12,,,,,,
500864898,Inh_9,,,,,,
500894271,Exc_3,,,,,,
500955426,Exc_3,,,,,,
500961697,Exc_3,,,,,,
500963059,Exc_3,,,,,,
500964358,Exc_3,,,,,,
500964382,Exc_3,,,,,,
500966656,Inh_6,,,,,,
501014504,Exc_3,,,,,,
501022658,Exc_2,,,,,,
501023852,Exc_3,,,,,,
501280518,Inh_7,,,,,,
501282204,Inh_7,,,,,,
501562903,Exc_2,,,,,,
501563275,Exc_3,,,,,,
501566512,Exc_2,,,,,,
501570114,Inh_3,,,,,,
501730497,Inh_6,Aspiny_12,ME_Inh_24,142.0780243,544.9910592,4.019480519,2.26629066
501736631,Inh_3,,,,,,
501798889,Inh_5,,,,,,
501799874,Exc_2,Spiny_18,ME_Exc_3,228.1863626,802.2559443,3.134574446,13.35839069
501839495,Exc_3,,,,,,
501841672,Exc_3,Spiny_17,ME_Exc_2,129.30449,823.3106425,1.984126984,14.50800921
501842713,Exc_3,,,,,,
501845152,Exc_3,Spiny_17,ME_Exc_2,100.8511391,784.3376723,3.139378996,-1.332490029
501845630,Exc_3,Spiny_17,ME_Exc_6,127.4833779,761.0914501,2.750540874,11.2944696
501847408,Exc_3,,,,,,
501847931,Exc_3,Spiny_18,ME_Exc_2,181.562566,772.0838086,4.625109204,3.655557451
501848265,Exc_3,,,,,,
501848315,Exc_3,,,,,,
501850666,Exc_3,Spiny_15,ME_Exc_11,150.246586,979.4164056,4.623361184,56.32460854
501886192,Exc_3,,,,,,
501891177,Exc_3,,,,,,
501895840,Exc_3,,,,,,
501940485,Inh_4,,,,,,
501951290,Exc_3,,,,,,
501956013,Exc_3,Spiny_11,ME_Exc_6,111.2350457,765.6860676,4.369648109,5.289326689
502100978,Exc_3,,,,,,
502120615,Exc_3,,,,,,
502143149,Exc_3,,,,,,
502143555,Exc_3,,,,,,
502144146,Exc_3,,,,,,
502193385,Exc_3,,,,,,
502245101,Exc_3,,,,,,
502260112,Exc_3,,,,,,
502267531,Exc_3,Spiny_5,ME_Exc_18,229.1290969,427.9701801,3.821635766,23.33698488
502269786,Exc_3,Spiny_4,ME_Exc_16,139.7567972,363.6935313,3.571428571,11.83393506
502359001,Exc_3,Spiny_2,ME_Exc_13,222.3105839,276.0144676,4.048900852,2.942182617
502359348,Exc_3,,,,,,
502366405,Exc_4,Spiny_14,ME_Exc_1,155.25705,585.9078599,2.810107394,2.290035511
502367941,Exc_3,Spiny_19,ME_Exc_9,191.30883,999.5251104,3.776960755,42.37750547
502382506,Inh_6,,,,,,
502383543,Exc_3,Spiny_19,ME_Exc_9,185.0015762,964.9025723,3.215135757,-19.30948435
502574847,Exc_3,,,,,,
502597328,Exc_3,,,,,,
502614426,Exc_3,Spiny_3,ME_Exc_12,220.4681051,372.253795,3.700774413,15.91040249
502647640,Exc_3,,,,,,
502665074,Exc_3,,,,,,
502667140,Exc_3,,,,,,
502808270,Exc_3,,,,,,
502829071,Exc_3,,,,,,
502873181,Exc_3,,,,,,
502887600,Exc_3,,,,,,
502978383,Exc_3,Spiny_5,ME_Exc_19,223.8327552,418.2776455,4.529413363,20.8630116
502993826,Exc_3,,,,,,
502999078,Exc_3,Spiny_4,ME_Exc_17,215.1464835,466.0965919,6.452076739,19.05421183
503286448,Exc_2,Spiny_18,ME_Exc_3,232.7259995,785.9290171,4.247104247,1.055187447
503517607,Exc_3,,,,,,
503582237,Exc_2,,,,,,
503595332,Exc_3,,,,,,
503814817,Exc_2,Spiny_18,ME_Exc_3,139.5909922,876.177071,4.18795544,6.017410271
503823047,Exc_3,Spiny_19,ME_Exc_9,144.1926567,865.8740562,2.604395326,-14.0075667
504120613,Inh_1,,,,,,
504179737,Exc_3,,,,,,
504567071,Exc_3,,,,,,
504605677,Inh_7,,,,,,
504608602,Inh_6,,,,,,
504613416,Exc_1,,,,,,
504614622,Exc_3,,,,,,
504615116,Exc_4,,,,,,
504635521,Exc_3,,,,,,
504643398,Exc_3,,,,,,
504647603,Exc_3,,,,,,
504913842,Exc_3,,,,,,
505200218,Exc_3,,,,,,
505202906,Exc_3,,,,,,
505476170,Exc_3,,,,,,
505512874,Exc_3,,,,,,
505795846,Exc_3,,,,,,
505798354,Exc_3,,,,,,
505804754,Exc_3,,,,,,
505808144,Exc_2,,,,,,
505847801,Exc_3,,,,,,
506132738,Exc_3,,,,,,
506133241,Exc_3,Spiny_6,ME_Exc_19,214.6205773,438.1892293,6.056935191,21.89461673
506142944,Exc_3,,,,,,
506226516,Exc_3,,,,,,
506777471,Exc_3,,,,,,
507100117,Exc_3,,,,,,
507101551,Exc_3,Spiny_16,ME_Exc_5,215.7110436,765.0901553,2.462170509,20.14837082
507121819,Exc_3,,,,,,
507770911,Exc_3,,,,,,
507914933,Exc_3,,,,,,
507918877,Exc_2,Spiny_18,ME_Exc_3,124.000878,1025.703036,2.530364372,18.04920079
507996688,Exc_3,,,,,,
508272216,Exc_3,,,,,,
508275137,Exc_2,,,,,,
508276760,Exc_3,,,,,,
508566646,Exc_3,,,,,,
508883033,Exc_1,,,,,,
508887004,Exc_2,,,,,,
508911693,Exc_4,,,,,,
508980706,Exc_1,Spiny_17,ME_Exc_4,148.7121947,714.4933258,3.235605715,6.066377968
508987256,Exc_1,,,,,,
509003464,Exc_3,Spiny_18,ME_Exc_2,211.6327267,922.502462,4.76817133,19.2499752
509005331,Exc_3,,,,,,
509515969,Inh_12,Aspiny_8,ME_Inh_12,151.0221804,321.1927041,2.61035122,23.98878469
509522358,Inh_12,,,,,,
509617624,Inh_8,Aspiny_10,ME_Inh_9,120.6020593,586.2503214,3.819241983,13.6357322
509620929,Inh_3,,,,,,
509683388,Inh_12,,,,,,
509779247,Inh_11,,,,,,
509875338,Exc_3,,,,,,
509881736,Exc_3,Spiny_15,ME_Exc_9,149.7075264,1038.863401,3.13335094,-4.460661459
509885554,Exc_3,,,,,,
510106222,Exc_3,,,,,,
510114363,Exc_3,,,,,,
510136749,Exc_3,Spiny_19,ME_Exc_9,211.699937,1052.167739,3.874933191,17.74245205
510376592,Inh_3,,,,,,
510395901,Exc_3,,,,,,
510451636,Exc_3,,,,,,
510455612,Exc_3,,,,,,
510658021,Exc_3,Spiny_7,ME_Exc_17,157.3368698,341.6563033,3.860742763,14.88937723
510699928,Inh_1,,,,,,
510702304,Exc_3,,,,,,
510702728,Exc_3,,,,,,
510706277,Inh_10,,,,,,
510715606,Inh_11,Aspiny_9,ME_Inh_13,192.4646957,448.9540627,3.495075439,2.880182197
510946335,Exc_3,,,,,,
511244283,Inh_8,,,,,,
511247944,Inh_11,,,,,,
512319604,Exc_3,Spiny_19,ME_Exc_9,211.6294586,1064.240411,3.014242727,-9.318281912
512322162,Exc_3,Spiny_19,ME_Exc_9,161.2664924,1181.318963,2.020482504,-15.11242507
513510227,Exc_3,Spiny_1,ME_Exc_7,153.8575662,77.17069975,2.972219934,8.77487167
513514828,Exc_3,,,,,,
513531471,Exc_3,Spiny_1,ME_Exc_7,224.3967371,115.657298,2.841151386,11.83393506
513579447,Exc_3,,,,,,
513591094,Exc_3,,,,,,
513593674,Exc_3,,,,,,
513800575,Exc_3,Spiny_8,ME_Exc_17,227.7248971,487.2917641,5.374660822,5.468133969
513803975,Exc_3,,,,,,
513832252,Exc_3,,,,,,
513843815,Exc_3,,,,,,
513877604,Exc_3,,,,,,
513879001,Exc_3,,,,,,
514530024,Exc_3,,,,,,
514544971,Exc_3,,,,,,
514767977,Inh_3,Aspiny_13,ME_Inh_2,243.825277,284.4602305,5.274261603,10.01885497
514824979,Inh_3,Aspiny_16,ME_Inh_3,257.6042296,583.3169272,3.309708114,0.281332746
514825708,Inh_1,,,,,,
514907630,Inh_3,,,,,,
515056927,Exc_3,,,,,,
515059388,Exc_3,,,,,,
515188639,Exc_3,,,,,,
515199779,Exc_2,,,,,,
515202564,Exc_3,,,,,,
515249852,Exc_4,Spiny_14,ME_Exc_1,152.5585967,654.7827248,2.240681167,15.8056536
515264431,Inh_2,,,,,,
515296303,Inh_8,,,,,,
515302868,Inh_8,,,,,,
515305346,Inh_8,,,,,,
515315072,,Aspiny_16,,200.7726176,393.4392728,3.453887884,4.66438767
515435668,Exc_3,Spiny_19,ME_Exc_9,237.8240943,1177.584662,2.165543792,42.85033204
515462796,Exc_3,,,,,,
515464483,Exc_3,Spiny_15,ME_Exc_10,148.0905761,1015.784152,2.8722334,-29.76260074
515511110,Exc_2,,,,,,
515524026,Exc_3,Spiny_7,ME_Exc_5,216.0881723,611.5478588,4.993274365,12.43418966
515771244,Exc_3,Spiny_19,ME_Exc_9,117.7179135,908.3784045,3.277662931,-38.77244185
515949222,Exc_3,,,,,,
515986607,Exc_1,Spiny_18,ME_Exc_3,151.7900335,869.809914,2.124042223,4.355772627
516086402,Exc_3,,,,,,
516327568,Inh_2,,,,,,
516362762,Inh_4,Aspiny_3,ME_Inh_22,161.1592825,922.2574888,2.620262391,37.69158204
516838734,Inh_1,,,,,,
516880237,Inh_1,,,,,,
516881226,Exc_3,,,,,,
516906055,Inh_11,,,,,,
516916566,Exc_3,,,,,,
517077548,Exc_1,Spiny_14,ME_Exc_4,161.8516417,804.0570419,2.047515223,15.55936175
517319635,Exc_3,Spiny_6,ME_Exc_19,207.2108594,270.2064563,3.666772343,-26.19816514
517330781,Inh_4,,,,,,
517343484,Inh_5,,,,,,
517345160,Inh_4,Aspiny_3,ME_Inh_22,208.1335598,705.0993165,1.811828096,-22.85267738
517353438,Inh_2,,,,,,
517645929,Exc_3,,,,,,
517647182,Exc_3,Spiny_6,ME_Exc_18,174.2941534,470.4530983,3.08093486,10.02019558
517752298,Exc_3,,,,,,
517753911,Exc_3,,,,,,
517974394,Exc_3,,,,,,
517977609,Exc_3,,,,,,
517981878,Exc_2,,,,,,
517982558,Exc_3,,,,,,
518238899,Exc_3,,,,,,
518271679,Exc_3,,,,,,
518287095,Exc_3,,,,,,
518290966,Exc_3,,,,,,
518623704,Inh_3,,,,,,
518750800,Inh_1,,,,,,
518753555,Inh_8,,,,,,
519220630,Inh_3,,,,,,
519517188,Inh_2,,,,,,
519549081,Inh_3,,,,,,
519749342,Inh_6,Aspiny_10,ME_Inh_22,167.4717103,682.3310428,3.043931333,3.428802166
519751607,Inh_2,Aspiny_13,ME_Inh_2,159.9526874,221.8484886,2.754494042,-0.755779398
520347870,Inh_2,,,,,,
521399472,Exc_3,,,,,,
521409057,Exc_3,Spiny_2,ME_Exc_7,125.824356,128.0826469,3.212572446,15.71867339
521625948,Exc_3,,,,,,
521938313,Exc_3,Spiny_5,ME_Exc_18,144.6809409,417.1341511,3.014992033,7.825287099
521958756,Exc_3,,,,,,
522108467,Inh_3,,,,,,
522147522,Exc_3,,,,,,
522152249,Exc_1,Spiny_17,ME_Exc_4,221.3629102,767.0068486,2.255738334,-6.658055103
522257166,Inh_1,,,,,,
522260194,Inh_1,,,,,,
522260244,Inh_3,,,,,,
522301604,Exc_3,Spiny_6,ME_Exc_9,160.6916244,979.474778,2.587522312,22.31539061
522408506,Inh_3,,,,,,
522416880,Inh_5,,,,,,
522418855,Inh_3,,,,,,
522676397,Inh_3,,,,,,
522696638,Exc_2,,,,,,
522723828,Inh_3,,,,,,
523205934,Inh_2,,,,,,
523478821,Inh_3,,,,,,
523478869,Inh_1,,,,,,
523708351,Inh_1,,,,,,
523729022,Exc_2,,,,,,
523748610,Inh_1,Aspiny_18,ME_Inh_17,146.8591076,81.33389144,3.515037594,0
524074295,Inh_1,,,,,,
524090036,Exc_1,,,,,,
524646242,,Aspiny_10,,204.7680147,706.6355083,2.766136072,26.72695425
524647261,Inh_5,,,,,,
524675712,Inh_3,,,,,,
524676260,Inh_5,,,,,,
524689239,Inh_3,Aspiny_14,ME_Inh_3,143.4540071,159.1410812,4.258130291,4.629574952
524693113,Inh_3,,,,,,
524850271,Exc_2,Spiny_12,ME_Exc_5,135.3322576,619.066484,3.620162883,11.55486871
524857207,Exc_4,,,,,,
524876305,Inh_2,,,,,,
526531616,Inh_1,Aspiny_18,ME_Inh_17,233.4673003,76.72897759,2.177700348,21.80140949
526545261,Inh_1,,,,,,
526573598,Exc_3,Spiny_17,ME_Exc_6,154.0753928,818.9762473,3.263707572,15.42428861
526643573,Exc_3,Spiny_17,ME_Exc_6,154.3280447,826.9629432,1.650158699,5.086980485
526668864,Exc_3,Spiny_6,ME_Exc_9,221.1402992,857.5840448,2.137674705,28.34942624
526785742,Inh_7,,,,,,
526801742,Inh_1,,,,,,
526936091,Inh_1,,,,,,
526939383,Inh_3,,,,,,
526943222,Inh_1,,,,,,
526946319,Exc_3,,,,,,
526946778,Exc_3,,,,,,
526949051,Exc_3,,,,,,
526950199,Exc_3,Spiny_19,ME_Exc_9,138.59545,885.0730427,1.892193828,8.213459924
526951157,Exc_3,,,,,,
527089085,Inh_3,,,,,,
527095729,Inh_3,Aspiny_18,ME_Inh_18,136.6104616,78.41554672,2.222222222,0
527104986,Inh_1,,,,,,
527116037,Exc_3,Spiny_19,ME_Exc_9,186.2960511,913.6076991,2.384215675,-14.03347683
527463935,Inh_1,,,,,,
527464013,Inh_1,,,,,,
527579814,Inh_1,,,,,,
527585153,Inh_1,,,,,,
527826878,Exc_3,Spiny_8,ME_Exc_13,149.1812378,497.0989423,2.288732394,4.599454876
527864026,Exc_3,,,,,,
527869035,Inh_1,Aspiny_18,ME_Inh_17,196.9711879,24.92694934,1.966568338,-9.335859032
527874431,Inh_1,,,,,,
528486009,Exc_3,,,,,,
528501887,Exc_3,,,,,,
530204927,Exc_3,,,,,,
530235049,Inh_3,,,,,,
530325234,Exc_3,,,,,,
530335449,Exc_3,,,,,,
530349764,Exc_3,,,,,,
530731648,Inh_4,Aspiny_4,ME_Inh_23,213.5970293,924.2005408,2.244451555,13.72046776
530737765,Inh_4,Aspiny_3,ME_Inh_23,244.8897365,756.5867356,3.056720506,22.60857249
531121585,Inh_3,,,,,,
531339798,Inh_8,,,,,,
531342116,Inh_7,,,,,,
532355382,Exc_3,,,,,,
532571720,Exc_3,,,,,,
534141324,Inh_7,Aspiny_12,ME_Inh_24,203.4403017,681.5790171,3.101775456,7.948641428
534303031,Inh_5,Aspiny_2,ME_Inh_24,147.464767,630.8029178,4.69924812,-2.149856775
534524026,Exc_3,,,,,,
535520969,Exc_3,,,,,,
535708196,Inh_2,Aspiny_16,ME_Inh_3,240.1606889,285.0987318,3.060117756,11.30993247
535728342,Inh_3,Aspiny_16,ME_Inh_3,129.3962593,408.7111867,4.087301587,8.267757066
536306115,Inh_1,Aspiny_7,ME_Inh_17,251.8583938,116.2283199,3.388975155,11.91899165
536951541,Inh_1,Aspiny_18,ME_Inh_17,237.483146,89.2371268,2.239850882,
538162646,Inh_1,,,,,,
538866343,Inh_1,,,,,,
539014038,Inh_1,Aspiny_8,ME_Inh_20,226.1795804,213.7704469,2.985224843,-17.90466791
539742766,Exc_2,,,,,,
547238558,Inh_4,,,,,,
547262585,Inh_4,Aspiny_4,ME_Inh_23,243.3388232,719.9787551,2.851739683,10.63140103
547262673,Inh_4,,,,,,
547325858,Inh_4,Aspiny_8,ME_Inh_23,137.323621,717.5616154,2.363207426,2.385484444
547328377,Inh_4,,,,,,
547330489,Inh_4,,,,,,
547336671,Inh_4,,,,,,
547344442,Inh_4,Aspiny_12,ME_Inh_23,248.2707897,586.7999432,2.248653538,2.823522579
547616623,Inh_4,,,,,,
553006549,Inh_2,,,,,,
553219924,Inh_3,,,,,,
553231879,Inh_4,,,,,,
553541110,Inh_2,,,,,,
553561593,Inh_1,,,,,,
554021008,Inh_3,,,,,,
554025072,Inh_3,,,,,,
554028392,Exc_3,,,,,,
554038709,Inh_1,,,,,,
554039803,Inh_3,,,,,,
554280740,,,,,,,
554432769,Inh_1,,,,,,
554443833,Inh_1,,,,,,
554447280,Inh_1,,,,,,
554454165,Inh_1,,,,,,
554454458,Exc_3,Spiny_15,ME_Exc_11,230.2520898,740.5412274,3.76984127,15.61584387
554779051,Inh_13,Aspiny_8,ME_Inh_14,223.9586558,453.4385285,3.146633103,6.396840352
554807924,Inh_13,Aspiny_7,ME_Inh_16,225.0989766,160.1038918,2.615084254,3.542000702
554807988,Inh_13,,,,,,
555001065,Inh_6,Aspiny_2,ME_Inh_24,124.2860293,722.8686422,3.020060971,9.404638694
555019563,Inh_1,Aspiny_17,ME_Inh_20,219.4071057,522.5046136,2.446830376,-0.319186498
555042715,Inh_3,,,,,,
555060623,Exc_3,,,,,,
555079011,Inh_3,,,,,,
555088069,,,,,,,
555089724,Inh_1,Aspiny_18,ME_Inh_17,157.7181065,111.0966355,4.019458774,7.962984601
555241040,Inh_2,Aspiny_4,ME_Inh_7,226.8711547,672.9597477,2.485567729,-12.7335714
555241875,Exc_3,Spiny_9,ME_Exc_13,139.2429914,485.3932756,2.735751425,16.739528
555251867,,,,,,,
555263276,Inh_5,,,,,,
555341581,Inh_1,Aspiny_18,ME_Inh_17,172.1781246,56.08387412,3.803624311,7.480508892
555345752,Inh_1,Aspiny_8,ME_Inh_20,183.4283569,264.2253713,3.42758876,-2.202598162
555354254,Exc_1,,,,,,
555356054,,,,,,,
555365036,Inh_2,,,,,,
555697303,Inh_3,Aspiny_18,ME_Inh_18,252.5962453,106.2886119,2.323804187,-6.360176772
555734606,Inh_1,,,,,,
555781149,Inh_3,,,,,,
555832536,Exc_2,,,,,,
555898896,Inh_6,,,,,,
556348301,Inh_6,,,,,,
556356342,Exc_3,,,,,,
556357336,Inh_6,,,,,,
556363725,Exc_3,,,,,,
556369531,Exc_3,Spiny_11,ME_Exc_5,205.4285905,574.5446363,3.418409404,-3.425905637
556524816,Exc_3,,,,,,
556669671,Exc_3,,,,,,
556687527,Exc_3,,,,,,
556701250,Inh_3,,,,,,
556910601,Exc_3,,,,,,
556914447,Inh_1,,,,,,
556922061,Inh_3,,,,,,
556923554,Inh_7,Aspiny_11,ME_Inh_24,211.9950922,480.9482549,3.795165607,21.64144307
556926517,Exc_3,,,,,,
556968207,Inh_3,Aspiny_16,ME_Inh_3,163.3650901,459.9863817,4.133928571,-6.916867762
557037024,Exc_2,Spiny_18,ME_Exc_3,196.4013513,944.1761932,3.296146522,6.772828371
557194325,Inh_1,,,,,,
557202210,Exc_2,,,,,,
557203722,Exc_3,Spiny_18,ME_Exc_2,145.195804,868.3813053,5.668732245,7.812750971
557242105,Exc_3,,,,,,
557252022,Exc_3,Spiny_14,ME_Exc_1,201.3570324,568.8445118,3.601278763,-7.072923437
557261437,Inh_3,Aspiny_14,ME_Inh_3,212.8097877,164.0854423,4.105831924,6.208544626
557403606,Exc_3,,,,,,
557417271,Exc_3,,,,,,
557673526,Exc_2,,,,,,
557679003,Exc_2,,,,,,
557852711,Exc_2,,,,,,
557859470,Exc_3,,,,,,
557859579,Inh_3,,,,,,
557864274,Exc_3,Spiny_12,ME_Exc_5,135.748893,569.1286595,2.442436607,12.07851215
557874460,Exc_3,Spiny_9,ME_Exc_13,225.5116892,452.0779907,3.422631417,17.71978315
557992635,Exc_3,,,,,,
557992762,Exc_3,,,,,,
557996299,Exc_3,,,,,,
557998843,Exc_3,Spiny_9,ME_Exc_13,218.1245497,453.7454848,3.156887755,10.05865548
558076716,Exc_3,,,,,,
558472698,Exc_3,,,,,,
558474375,Exc_3,,,,,,
558476932,Exc_3,,,,,,
558583839,Exc_3,,,,,,
558612809,Exc_2,,,,,,
558615201,Exc_3,,,,,,
558660968,Exc_3,,,,,,
558662244,Exc_3,,,,,,
558675748,Exc_3,,,,,,
558675895,Exc_2,,,,,,
559104842,Exc_3,,,,,,
559221786,Exc_3,,,,,,
559222019,Exc_3,,,,,,
559387643,Exc_3,Spiny_15,ME_Exc_11,194.7899236,634.4168236,3.231361622,-6.604823342
559388218,Exc_3,,,,,,
560373629,Exc_2,,,,,,
560424631,Inh_3,,,,,,
560579320,Exc_3,,,,,,
560579916,Exc_1,,,,,,
560581448,Exc_3,,,,,,
560594898,Exc_3,,,,,,
560599530,Exc_3,,,,,,
560678143,Exc_4,Spiny_14,ME_Exc_1,189.2475338,687.9227428,4.374409455,3.22996197
560684168,Inh_5,,,,,,
560686477,Inh_3,,,,,,
560690291,Inh_2,,,,,,
560690405,Inh_3,,,,,,
560738452,Inh_6,,,,,,
560748672,Inh_4,,,,,,
560750295,Inh_2,,,,,,
560753350,Inh_4,Aspiny_8,ME_Inh_23,204.9642243,473.6949149,4.125412541,-11.8647339
560814288,Inh_3,,,,,,
560817063,Inh_2,,,,,,
560889670,Inh_3,,,,,,
560924223,Inh_2,,,,,,
560924300,Exc_2,,,,,,
560965993,Inh_1,Aspiny_8,ME_Inh_20,228.2123832,398.753648,3.614388156,-13.94658454
560968319,Exc_3,,,,,,
560992553,Inh_1,Aspiny_4,ME_Inh_19,198.2932234,705.3923766,2.273016566,-9.507697599
561039262,Inh_3,,,,,,
561325425,Inh_8,Aspiny_6,ME_Inh_21,211.3852407,114.3933797,4.00121637,-16.55814324
561329890,Inh_1,,,,,,
561330525,Inh_1,,,,,,
561515555,Inh_13,,,,,,
561517025,Inh_13,Aspiny_7,ME_Inh_16,219.0364649,205.2408231,3.462603878,16.6015496
561519381,Inh_1,,,,,,
561520050,Inh_1,,,,,,
561532476,Inh_1,,,,,,
561532710,Inh_2,Aspiny_16,ME_Inh_3,170.2644174,474.2048543,3.663153179,2.168806855
561533860,Inh_1,,,,,,
561534047,Inh_6,,,,,,
561552455,Inh_6,,,,,,
561553133,Inh_3,,,,,,
561790658,Exc_2,,,,,,
561792152,Exc_1,,,,,,
561814552,Inh_13,,,,,,
561934585,Inh_2,Aspiny_17,ME_Inh_3,210.8270445,493.4722972,2.711790867,-4.98264368
561940338,,Aspiny_17,,216.825894,586.4186636,2.413127413,-13.13226173
561985849,Inh_1,Aspiny_19,ME_Inh_19,210.9334797,891.408888,2.767752364,24.08374054
562003059,Inh_2,,,,,,
562003142,Inh_2,Aspiny_15,ME_Inh_5,192.4055408,436.4642951,5.903187721,5.916190561
562062132,Inh_2,,,,,,
562185938,Exc_3,,,,,,
562381417,Inh_3,,,,,,
562382445,Exc_3,,,,,,
562384889,Inh_3,,,,,,
562385794,Exc_1,,,,,,
562424079,Exc_3,,,,,,
562432852,Inh_1,,,,,,
562524605,Inh_3,,,,,,
562527850,Inh_3,,,,,,
562530336,Inh_3,,,,,,
562534419,Exc_3,,,,,,
562535995,Inh_3,,,,,,
562539062,Inh_3,,,,,,
562540395,Inh_2,,,,,,
562541627,Exc_2,Spiny_15,ME_Exc_11,213.2804866,689.9041719,4.813988095,6.684018733
562630201,Inh_1,,,,,,
562632795,Inh_1,Aspiny_18,ME_Inh_17,204.1196325,91.20739927,2.477837513,-10.14210616
562651165,Inh_1,,,,,,
562676370,Inh_1,,,,,,
562682546,Inh_1,,,,,,
562731565,Exc_3,,,,,,
562965437,Exc_3,,,,,,
562999984,Exc_3,,,,,,
563002088,Exc_3,,,,,,
563028422,Exc_1,,,,,,
563175057,Exc_3,,,,,,
563180078,Exc_3,Spiny_2,ME_Exc_13,220.55242,336.9789785,2.935352632,20.05251523
563220277,Exc_4,,,,,,
563220620,Exc_2,,,,,,
563226105,Exc_1,Spiny_15,ME_Exc_11,198.8761906,695.4273847,1.949404762,-27.04766062
563248177,Exc_3,,,,,,
563336705,Exc_3,,,,,,
563338541,Exc_3,,,,,,
563350008,Exc_3,Spiny_9,ME_Exc_13,208.9398432,391.8691799,3.109452736,4.702666727
563353582,Exc_3,,,,,,
563372842,Inh_10,,,,,,
563373346,Inh_1,,,,,,
563380422,Inh_1,,,,,,
563535101,Inh_2,,,,,,
563620254,Inh_11,,,,,,
563790168,Inh_3,,,,,,
563796500,Inh_2,,,,,,
563796940,Inh_3,,,,,,
564346637,Inh_8,Aspiny_12,ME_Inh_9,171.616134,669.7720449,3.63372093,10.68649405
564349611,Inh_1,Aspiny_18,ME_Inh_17,155.323098,92.54686116,3.406190118,0
564408650,Exc_3,,,,,,
564409183,Inh_8,,,,,,
564410651,Inh_1,,,,,,
564410881,Inh_1,,,,,,
564425006,Inh_1,,,,,,
564430168,Inh_1,,,,,,
564438523,Inh_1,,,,,,
564677541,Exc_2,,,,,,
564692405,Inh_1,,,,,,
564701029,Inh_3,,,,,,
564770700,Inh_3,,,,,,
564795087,Exc_4,,,,,,
565106612,Inh_3,,,,,,
565108355,Inh_5,,,,,,
565120091,Inh_6,Aspiny_1,ME_Inh_25,184.2436805,404.2254583,2.643628327,8.864582596
565124865,Exc_4,,,,,,
565191521,Inh_2,,,,,,
565191603,Inh_2,,,,,,
565209132,Inh_2,Aspiny_13,ME_Inh_3,152.2387959,389.3201141,3.324831265,12.84281405
565213849,Inh_3,,,,,,
565236919,Inh_3,,,,,,
565381304,Inh_6,,,,,,
565397408,Exc_3,,,,,,
565407476,Inh_3,Aspiny_13,ME_Inh_3,191.4735438,269.8104249,4.415451051,4.357171854
565415071,Inh_13,Aspiny_1,ME_Inh_15,190.8789247,372.0968725,3.158687971,24.49994039
565417112,Inh_1,Aspiny_8,ME_Inh_20,191.7943403,453.1410261,6.218905473,-6.443595029
565448436,Inh_3,,,,,,
565459685,Inh_7,Aspiny_8,ME_Inh_25,146.2792562,544.7969529,2.446543035,17.00718297
565462089,Inh_10,Aspiny_8,ME_Inh_14,197.1104449,383.7861448,3.521126761,6.508119481
565480987,Exc_2,,,,,,
565698986,Exc_2,,,,,,
565723357,Inh_1,,,,,,
565778331,Exc_4,,,,,,
565778579,Exc_3,,,,,,
565809656,Inh_1,,,,,,
565855793,Inh_7,Aspiny_9,ME_Inh_26,164.282666,345.7882354,4.370522679,0
565858209,Exc_3,,,,,,
565863515,Exc_3,Spiny_1,ME_Exc_7,184.7729067,121.5729557,2.699784017,-4.520227593
565866518,Inh_13,Aspiny_7,ME_Inh_16,213.1717646,190.1968349,3.521562527,7.281529855
565870964,Exc_3,,,,,,
565871768,Inh_2,,,,,,
565871856,Exc_3,,,,,,
565880475,Inh_3,Aspiny_4,ME_Inh_3,217.5384855,771.3435554,2.885610286,6.449077629
565888394,Inh_5,Aspiny_2,ME_Inh_24,196.4440357,470.5517463,3.687925626,-1.794896521
566225918,Inh_6,,,,,,
566304697,Inh_1,,,,,,
566305266,Inh_11,,,,,,
566460800,Inh_1,,,,,,
566463606,Inh_6,,,,,,
566466395,Inh_6,,,,,,
566475818,Inh_5,,,,,,
566506157,Exc_3,Spiny_11,ME_Exc_12,140.1842984,642.1493115,2.430410406,26.94583658
566517779,Exc_3,,,,,,
566541912,Inh_1,Aspiny_19,ME_Inh_19,125.4624229,898.1106712,3.87254902,13.14891773
566543480,Inh_1,,,,,,
566559909,Inh_1,,,,,,
566563603,Inh_1,,,,,,
566647353,Inh_3,Aspiny_17,ME_Inh_20,171.972652,203.8609701,3.987331678,2.873181951
566648315,Inh_4,,,,,,
566655990,Inh_4,,,,,,
566671538,Inh_7,Aspiny_13,ME_Inh_2,150.486317,307.8304593,2.771809588,1.998825215
566673170,Inh_1,,,,,,
566674875,Inh_10,,,,,,
566678900,Inh_10,Aspiny_7,ME_Inh_14,221.2234901,182.3087764,3.333520645,18.86750709
566719750,Inh_2,,,,,,
566720165,Exc_3,,,,,,
566724483,Inh_4,,,,,,
566728192,Exc_3,,,,,,
566751810,Exc_3,,,,,,
566756038,Inh_10,,,,,,
566760952,Inh_1,,,,,,
566761793,Inh_6,Aspiny_2,ME_Inh_24,144.2613934,632.8096833,4.283425713,17.64585033
566976438,Inh_5,,,,,,
566978098,Inh_6,,,,,,
566991946,Exc_3,,,,,,
567006813,Inh_2,,,,,,
567007144,Inh_3,Aspiny_16,ME_Inh_1,248.2991491,378.8506102,3.603792838,9.051906932
567029686,,Aspiny_7,,212.2080274,140.7637235,2.216984508,11.09580328
567037169,Inh_10,,,,,,
567266985,Inh_6,,,,,,
567312865,Inh_6,Aspiny_12,ME_Inh_25,148.6952271,746.70084,3.126024331,25.08562612
567320213,Inh_5,Aspiny_2,ME_Inh_24,196.3616979,665.1977991,3.714997756,2.754166766
567354967,Inh_6,Aspiny_2,ME_Inh_24,132.3692143,721.6978888,2.572281099,24.9755343
567399060,Exc_3,,,,,,
567431416,Exc_3,,,,,,
567446579,Inh_12,,,,,,
567901050,Inh_10,,,,,,
567927838,Inh_13,Aspiny_7,ME_Inh_16,162.2491056,224.607857,2.832689234,17.34606529
567952169,Inh_12,Aspiny_8,ME_Inh_16,135.7405508,239.6423528,2.66572833,0
567987585,Inh_11,,,,,,
568447613,Inh_3,,,,,,
568473665,Inh_2,,,,,,
568560561,Exc_1,,,,,,
568568071,Exc_3,Spiny_11,ME_Exc_6,130.9593494,711.5620971,2.521127045,15.41130922
568582664,Exc_4,,,,,,
568584929,Exc_1,,,,,,
568757860,Inh_3,,,,,,
568767467,Inh_3,,,,,,
568790226,Inh_13,,,,,,
568951556,Exc_3,,,,,,
568990770,Exc_3,,,,,,
569072334,Inh_11,Aspiny_6,ME_Inh_21,208.2751532,164.6657931,3.326176069,4.204903975
569073509,Inh_3,,,,,,
569074571,Inh_2,,,,,,
569251652,Inh_6,,,,,,
569252686,Exc_3,,,,,,
569263301,Inh_1,,,,,,
569270348,Inh_1,,,,,,
569278799,Inh_1,,,,,,
569286299,Inh_7,,,,,,
569295876,Inh_3,,,,,,
569296410,Inh_3,,,,,,
569299459,Inh_5,,,,,,
569317896,Exc_3,,,,,,
569407114,Inh_1,,,,,,
569412397,Inh_3,,,,,,
569424261,Exc_3,,,,,,
569441208,Exc_3,,,,,,
569457730,Inh_10,,,,,,
569469018,Exc_3,,,,,,
569470171,Exc_3,,,,,,
569477234,Exc_3,,,,,,
569492761,Inh_1,,,,,,
569494755,Inh_7,Aspiny_11,ME_Inh_24,184.3508176,581.6708272,3.40599455,2.081534278
569609830,Exc_1,,,,,,
569615443,Inh_1,,,,,,
569623233,Inh_1,,,,,,
569651358,Exc_2,,,,,,
569653118,Exc_3,Spiny_14,ME_Exc_1,142.524626,539.8832782,2.390057361,22.58463218
569664731,Exc_3,,,,,,
569670455,Inh_5,Aspiny_2,ME_Inh_24,202.8973799,591.6162712,2.759564651,3.949284326
569703486,Exc_4,,,,,,
569706189,Exc_3,,,,,,
569710450,Exc_2,,,,,,
569715141,Exc_3,,,,,,
569720969,Inh_13,,,,,,
569723367,Inh_9,Aspiny_8,ME_Inh_8,165.9619645,445.3269467,3.242052571,2.622935718
569723405,Inh_8,Aspiny_12,ME_Inh_9,216.5024413,796.2878503,3.277284323,12.67043453
569730838,Exc_3,,,,,,
569739534,Inh_5,,,,,,
569749430,Inh_8,,,,,,
569794458,Inh_2,,,,,,
569802200,Inh_3,,,,,,
569809287,Inh_3,Aspiny_16,ME_Inh_3,159.0288705,408.3412523,3.040690753,6.702945718
569810649,Inh_3,Aspiny_5,ME_Inh_1,214.6269145,261.3384701,4.420414231,10.34430782
569955172,Inh_10,,,,,,
569955315,Inh_8,,,,,,
569958754,Inh_5,Aspiny_11,ME_Inh_24,215.1010754,677.4371263,3.26894752,14.57086848
569959500,Inh_5,,,,,,
569960365,Inh_12,,,,,,
569965244,Inh_6,Aspiny_12,ME_Inh_25,200.5869799,718.1736869,2.615062762,-1.004931396
569991910,Inh_12,,,,,,
569997187,Inh_11,,,,,,
569998790,Inh_8,Aspiny_4,ME_Inh_9,137.7810416,700.4380002,3.04136253,11.02748803
570006759,Inh_3,,,,,,
570009043,Inh_3,,,,,,
570010469,Inh_6,,,,,,
570014498,Inh_3,,,,,,
570081024,Inh_7,,,,,,
570081589,Inh_10,,,,,,
570089080,Inh_7,,,,,,
570091111,Inh_8,,,,,,
570098371,Inh_10,,,,,,
570098593,Inh_3,,,,,,
570280138,Inh_2,,,,,,
570293104,Inh_3,,,,,,
570428636,Inh_2,,,,,,
570438732,Inh_2,Aspiny_14,ME_Inh_4,214.0666613,212.3606832,3.157340184,4.755430817
570459682,Inh_3,,,,,,
570589704,Inh_3,,,,,,
570589935,Inh_2,,,,,,
570626702,Inh_2,,,,,,
570896413,Inh_2,Aspiny_13,ME_Inh_2,171.4692344,174.5732441,4.480286738,10.9932015
570896453,Inh_2,Aspiny_3,ME_Inh_26,133.9961518,872.3056635,3.032423606,21.43838786
570921682,Inh_3,,,,,,
570924514,Inh_3,,,,,,
570924550,Inh_2,,,,,,
570931770,Inh_8,,,,,,
570932699,Inh_2,,,,,,
570932768,Inh_10,,,,,,
570946690,Inh_11,Aspiny_4,ME_Inh_6,180.7979914,830.2444744,2.276523449,-10.37355985
571233863,Inh_3,,,,,,
571255047,Inh_2,,,,,,
571292875,Exc_2,,,,,,
571295641,Exc_4,,,,,,
571306508,Exc_3,,,,,,
571306690,Exc_3,Spiny_1,ME_Exc_7,213.9088333,184.1604181,2.455795678,3.928920496
571311039,Inh_8,Aspiny_4,ME_Inh_6,194.3511676,797.9069975,2.620545073,9.620441947
571314481,Inh_8,,,,,,
571379222,Inh_13,Aspiny_8,ME_Inh_16,212.3990642,381.3463426,2.875985847,3.203349619
571379507,Inh_13,,,,,,
571396942,Inh_13,Aspiny_12,ME_Inh_11,147.1517524,664.7640688,2.48076521,38.87476264
571715883,Inh_10,,,,,,
571867358,Inh_10,Aspiny_7,ME_Inh_14,221.4340503,163.3006478,2.537077577,9.722713977
571939040,Inh_6,,,,,,
571956282,Inh_3,,,,,,
572295788,Inh_9,,,,,,
572375809,Inh_8,,,,,,
572376830,Inh_9,,,,,,
572409429,Inh_12,,,,,,
572410577,Inh_4,,,,,,
572416871,Inh_4,,,,,,
572424901,Inh_4,,,,,,
572608696,Exc_4,,,,,,
572609025,Exc_4,,,,,,
572609108,Inh_8,Aspiny_8,ME_Inh_8,135.5137173,549.5739726,2.648305085,8.869744752
572609348,Exc_4,,,,,,
572609644,Exc_4,,,,,,
572609946,Inh_11,,,,,,
572735890,Exc_3,,,,,,
572798509,Exc_1,,,,,,
572804610,Exc_3,,,,,,
572827931,Exc_3,,,,,,
572996777,Exc_3,,,,,,
573021123,Exc_3,,,,,,
573082177,Exc_2,,,,,,
573086094,Exc_3,,,,,,
573105010,Inh_6,,,,,,
573121877,Inh_3,,,,,,
573322633,Exc_2,,,,,,
573323612,Exc_3,,,,,,
573404307,Inh_8,Aspiny_12,ME_Inh_9,146.1712559,765.4210335,2.983357129,10.33182777
573410831,Exc_3,,,,,,
573622646,Inh_6,Aspiny_1,ME_Inh_25,118.8620915,392.4829146,3.071253071,12.62578995
573636382,Inh_4,,,,,,
573660880,Exc_3,,,,,,
573680326,Exc_3,,,,,,
573685602,Inh_3,,,,,,
573699058,Exc_1,,,,,,
573699831,Exc_4,,,,,,
573702137,Exc_2,,,,,,
573948335,Inh_10,,,,,,
573976402,Inh_9,,,,,,
574036994,Inh_4,Aspiny_3,ME_Inh_22,150.6434778,744.8087796,2.289885054,18.64474493
574038330,Inh_4,Aspiny_4,ME_Inh_23,100.9916177,653.9329375,2.631927232,24.48245742
574059157,Inh_13,Aspiny_5,ME_Inh_21,151.218198,101.3224165,3.443868389,17.80140949
574067499,Inh_10,Aspiny_8,ME_Inh_14,133.0991781,376.0993867,2.976714439,10.55245703
574269602,Exc_3,,,,,,
574377552,Inh_13,Aspiny_3,ME_Inh_11,209.2192073,684.4503892,2.50516601,15.86397992
574377603,Inh_9,,,,,,
574399717,Inh_10,,,,,,
574577489,Inh_1,,,,,,
574584859,Inh_1,,,,,,
574610205,Inh_6,,,,,,
574734127,Inh_3,Aspiny_18,ME_Inh_18,258.1816746,113.4852612,2.505029742,2.522207515
574914313,Inh_1,,,,,,
574968354,Inh_3,,,,,,
574992320,Inh_13,Aspiny_7,ME_Inh_16,229.3348646,242.6450639,2.452623907,3.928920496
574993444,Inh_1,Aspiny_19,ME_Inh_19,226.0772518,967.5395036,4.453193069,12.4639619
575001377,Inh_3,,,,,,
575012511,Inh_1,,,,,,
575200757,Inh_6,,,,,,
575201827,Exc_3,,,,,,
575299891,Exc_3,,,,,,
575300383,Exc_3,,,,,,
575637715,Inh_4,,,,,,
575642695,Inh_5,Aspiny_2,ME_Inh_24,199.5172861,662.4139688,2.44437476,8.824253245
575646054,Inh_6,,,,,,
575772040,Inh_3,,,,,,
575774870,Inh_2,Aspiny_15,ME_Inh_5,215.429167,355.6917834,2.799450549,-2.210486257
575782162,Inh_2,,,,,,
575910132,Inh_3,,,,,,
575919223,Inh_3,,,,,,
575920560,Inh_3,,,,,,
575923740,Inh_3,,,,,,
575937040,Inh_3,,,,,,
576046210,Inh_2,,,,,,
576046388,Inh_3,,,,,,
576285618,Inh_3,,,,,,
576336240,Inh_3,,,,,,
576411497,Inh_2,,,,,,
576768088,Inh_3,,,,,,
577218602,Inh_2,Aspiny_16,ME_Inh_4,227.5683222,368.8845796,3.270709765,10.64983911
577218818,Inh_2,,,,,,
577369606,Inh_2,Aspiny_14,ME_Inh_4,222.1388072,286.836354,4.391445965,9.403919628
577813827,Exc_3,,,,,,
577821067,Exc_2,,,,,,
577854506,Exc_3,,,,,,
577883225,Exc_3,,,,,,
578483845,Inh_1,,,,,,
578485753,Inh_1,Aspiny_19,ME_Inh_19,148.3526111,892.984547,2.638136601,23.67759432
578517537,Exc_3,,,,,,
578517952,Inh_2,,,,,,
578524663,Exc_3,,,,,,
578774163,Inh_2,Aspiny_16,ME_Inh_4,225.7165149,414.4676781,2.528808548,10.64451643
578894262,Exc_3,,,,,,
578898150,Inh_6,,,,,,
578909807,Inh_3,,,,,,
578917575,Exc_3,,,,,,
578929342,Inh_1,,,,,,
578938153,Exc_3,Spiny_17,ME_Exc_6,129.430064,919.3741495,3.834851569,8.616017098
578938449,Exc_3,,,,,,
579141563,,Aspiny_8,,185.3123735,505.7648889,2.622261048,4.453111128
579263604,Exc_3,,,,,,
579282688,Inh_11,,,,,,
579283563,Inh_11,Aspiny_9,ME_Inh_13,117.0366212,574.9820454,2.350371963,15.98024463
579290303,Inh_13,,,,,,
579392973,Inh_3,,,,,,
579414994,Inh_10,,,,,,
579452260,Exc_4,,,,,,
579462433,Exc_3,,,,,,
579611597,Inh_1,,,,,,
579611637,Exc_3,,,,,,
579626068,Inh_1,Aspiny_8,ME_Inh_20,156.8832684,299.7906001,3.473342099,13.46463616
579627022,Exc_3,,,,,,
579652000,Exc_3,,,,,,
579660456,Inh_13,,,,,,
579662784,Exc_3,,,,,,
579662957,Inh_13,Aspiny_19,ME_Inh_11,113.7477645,947.8928171,2.584588028,-2.467875331
579671105,Inh_9,,,,,,
579978640,Inh_6,,,,,,
579981789,Exc_3,,,,,,
580005568,Exc_3,Spiny_15,ME_Exc_10,160.4328636,808.4739676,2.445054945,18.54757035
580007431,Exc_3,Spiny_17,ME_Exc_6,184.9150678,907.1385694,3.689601228,14.7900203
580010290,Exc_3,Spiny_17,ME_Exc_6,147.7934804,833.2334455,1.895106971,19.04130762
580011582,Inh_13,,,,,,
580014328,Inh_2,Aspiny_8,ME_Inh_25,179.4354816,467.3723325,3.05019305,7.570885458
580138266,Inh_3,,,,,,
580145037,Inh_11,Aspiny_5,ME_Inh_21,186.7512239,146.1159101,2.817604392,2.948277828
580149939,Exc_3,,,,,,
580161872,Inh_13,Aspiny_8,ME_Inh_14,205.2721174,556.6278758,2.624004846,15.07647336
580162060,Inh_13,,,,,,
580162374,Inh_12,Aspiny_19,ME_Inh_9,200.1932994,895.0726517,2.62483726,30.04684703
580194100,Exc_3,,,,,,
580203028,Exc_3,,,,,,
580212997,Inh_5,,,,,,
580234482,Exc_3,,,,,,
580236419,Inh_3,,,,,,
580257315,Exc_3,,,,,,
580507567,Inh_10,,,,,,
580537822,Inh_1,,,,,,
580585082,Inh_13,,,,,,
580612566,Exc_3,,,,,,
580624725,Exc_4,,,,,,
580632959,Exc_1,,,,,,
580634942,Exc_4,,,,,,
580639899,Inh_13,,,,,,
580857280,Inh_13,,,,,,
580895033,Inh_13,,,,,,
581020172,Inh_13,,,,,,
581054252,Inh_1,,,,,,
581058351,Inh_13,,,,,,
581058864,Inh_1,,,,,,
581138223,Inh_1,,,,,,
581153862,Inh_1,,,,,,
581157315,Inh_13,,,,,,
581340781,Inh_1,,,,,,
581394360,Inh_3,,,,,,
581403121,Inh_9,,,,,,
581404810,Inh_11,,,,,,
581741836,Exc_2,,,,,,
582613001,Inh_2,Aspiny_15,ME_Inh_5,249.4366538,236.5945943,3.173860448,7.71805429
582632160,Inh_3,,,,,,
582641339,Inh_3,,,,,,
582644266,Inh_3,Aspiny_14,ME_Inh_3,243.0252896,331.8850844,3.133909256,9.918475732
582644380,Inh_2,,,,,,
582647492,Inh_3,,,,,,
582778095,Inh_3,,,,,,
582857314,Inh_3,,,,,,
582917630,Inh_3,Aspiny_19,ME_Inh_19,120.2090512,869.100711,2.232142857,14.58862363
583104750,Inh_6,Aspiny_4,ME_Inh_23,151.9820727,693.8474014,2.47539983,46.27134435
583137205,Inh_2,,,,,,
583138230,Inh_3,Aspiny_13,ME_Inh_3,110.7105157,190.3849155,3.352275285,15.15838383
583138568,Inh_3,Aspiny_14,ME_Inh_5,222.4830429,161.4814753,3.055162659,7.821235507
583141894,Inh_3,,,,,,
583141979,Inh_3,,,,,,
583142588,Inh_2,,,,,,
583145374,Inh_6,,,,,,
583146274,Inh_3,Aspiny_14,ME_Inh_5,210.2948031,195.6845162,6.473497501,2.741875228
583148615,Inh_2,,,,,,
583312391,Inh_3,,,,,,
583422542,Inh_3,,,,,,
583426723,Inh_11,,,,,,
583434059,Inh_11,Aspiny_4,ME_Inh_6,179.1445041,705.6307486,2.35203831,60.33093069
583454722,Inh_10,,,,,,
583645193,Inh_3,,,,,,
583671359,Inh_7,,,,,,
583719952,Inh_6,,,,,,
583761507,Inh_3,,,,,,
583804033,Inh_3,,,,,,
583804142,Inh_1,,,,,,
583817628,Inh_3,,,,,,
583822407,Inh_3,,,,,,
584073525,Exc_3,,,,,,
584146987,Exc_3,,,,,,
584215214,Inh_13,,,,,,
584219169,Inh_6,,,,,,
584231995,Inh_6,Aspiny_11,ME_Inh_24,137.3744882,689.8443227,2.282442345,6.645284545
584254833,Exc_3,Spiny_1,ME_Exc_7,205.8349486,205.0222161,3.387533875,17.05528009
584271064,Exc_3,,,,,,
584280397,Inh_3,,,,,,
584495731,Inh_3,,,,,,
584561230,Inh_2,,,,,,
584587128,Inh_3,,,,,,
584628220,Exc_3,,,,,,
584632767,Inh_1,,,,,,
584635140,Exc_3,,,,,,
584635215,Exc_3,,,,,,
584636981,Exc_3,,,,,,
584637407,Exc_3,,,,,,
584660071,Inh_7,,,,,,
584664194,Inh_6,,,,,,
584665305,Inh_3,,,,,,
584670484,Inh_13,,,,,,
584671501,Inh_1,,,,,,
584680861,Exc_3,Spiny_1,ME_Exc_7,192.0796913,159.1853949,3.230498863,-3.277168313
584681388,Inh_6,,,,,,
584682764,Exc_3,Spiny_1,ME_Exc_7,144.1633373,132.1239406,3.604093426,0.328179161
584872371,Inh_3,Aspiny_16,ME_Inh_3,230.9178355,448.8809244,2.742443784,20.40088168
584931329,Inh_3,,,,,,
585018101,Exc_1,,,,,,
585058163,Exc_3,,,,,,
585080288,Inh_3,,,,,,
585740198,Inh_11,,,,,,
585805211,Inh_11,Aspiny_5,ME_Inh_21,178.6964369,150.8881219,3.129717412,7.636308831
585830272,,Aspiny_5,,205.5169135,160.0972829,3.424657534,12.43825899
585832440,Inh_11,Aspiny_5,ME_Inh_21,184.74222,148.5660183,2.439672136,6.914371772
585841870,Inh_11,Aspiny_5,ME_Inh_21,146.5333562,143.5189554,3.263963235,4.044691235
585859704,Inh_1,,,,,,
585908787,Inh_3,,,,,,
585925172,Inh_3,Aspiny_14,ME_Inh_5,207.1098999,185.0082209,4.770992366,1.195889108
585929192,Inh_3,,,,,,
585944237,Inh_3,Aspiny_15,ME_Inh_5,168.9043071,380.0824856,3.894324853,0.556478215
585946742,Inh_3,Aspiny_16,ME_Inh_5,162.6160512,381.1924946,3.589785947,0.2240997
585947309,Inh_13,Aspiny_6,ME_Inh_21,135.8898727,138.2985134,3.812636166,13.46463616
585948651,Inh_11,,,,,,
585951863,Inh_13,Aspiny_17,ME_Inh_21,170.230705,160.5124587,3.778864911,5.881024694
585952606,Inh_8,Aspiny_6,ME_Inh_21,228.0399766,149.1657098,3.224489796,2.906257429
585955070,Inh_1,,,,,,
586070102,Inh_1,,,,,,
586070286,Inh_3,,,,,,
586070820,Inh_3,,,,,,
586071425,Inh_3,Aspiny_15,ME_Inh_5,192.2554545,225.1323149,2.894126247,-10.77372472
586072188,Inh_3,Aspiny_14,ME_Inh_3,170.5859486,231.8218047,3.732111191,-1.811748976
586072464,Inh_2,Aspiny_14,ME_Inh_5,209.2709793,306.9601118,3.861877203,-0.579922962
586072783,Inh_3,Aspiny_14,ME_Inh_5,153.0144239,239.8810206,4.51074524,-3.460943584
586073346,Inh_1,,,,,,
586073683,Inh_2,Aspiny_17,ME_Inh_21,177.8295715,116.4094144,2.27326459,10.53949331
586073850,Inh_11,Aspiny_5,ME_Inh_21,162.9338143,154.8509229,2.593974124,3.315350259
586073895,Exc_2,,,,,,
586074009,Inh_1,,,,,,
586078695,Inh_11,,,,,,
586088125,Inh_3,,,,,,
586358539,Inh_8,,,,,,
586366106,Inh_8,,,,,,
586379590,Inh_8,Aspiny_4,ME_Inh_9,199.4421732,789.0776511,2.515602124,15.30547857
586517633,Inh_4,,,,,,
586559181,Inh_1,Aspiny_17,ME_Inh_20,188.0473766,114.0689156,2.91551261,11.64234544
586566174,Inh_4,Aspiny_12,ME_Inh_23,139.7398283,762.0254019,3.052304866,9.436440653
587045566,Inh_3,Aspiny_14,ME_Inh_3,203.492701,249.5581279,2.977020802,6.330509401
587055109,Inh_3,,,,,,
587062699,Inh_2,,,,,,
587064346,Inh_3,,,,,,
587077323,Inh_4,,,,,,
587079262,Inh_4,,,,,,
587081792,Inh_4,,,,,,
587096515,Inh_4,,,,,,
587098017,Inh_3,,,,,,
588189066,Inh_11,,,,,,
588191468,Inh_13,,,,,,
588402092,Exc_3,Spiny_16,ME_Exc_5,217.641223,687.9012824,2.535714286,6.326474297
588407788,Inh_11,,,,,,
588419063,Exc_3,Spiny_9,ME_Exc_12,227.3180074,550.7947984,3.673155909,12.63042893
588425593,Inh_8,,,,,,
588695976,Exc_3,,,,,,
588697518,Exc_3,,,,,,
588699048,Exc_3,,,,,,
588705882,Exc_3,,,,,,
588711875,Exc_3,,,,,,
588712191,Exc_3,Spiny_11,ME_Exc_13,242.8080717,459.0238989,2.61543405,18.19389043
588728161,Exc_3,,,,,,
588729065,Exc_4,,,,,,
589118831,Exc_3,,,,,,
589121138,Exc_4,,,,,,
589128331,Exc_3,Spiny_18,ME_Exc_2,196.6934706,814.7971849,3.537669101,9.68768461
589128508,Exc_4,,,,,,
589427013,Exc_2,,,,,,
589427435,Exc_3,Spiny_14,ME_Exc_5,240.7266933,679.0762147,2.363319126,16.17932374
589441038,Exc_4,,,,,,
589442285,Exc_3,Spiny_12,ME_Exc_1,159.0911054,566.3848902,2.886836028,-6.700573704
589444632,Exc_3,,,,,,
589452470,Exc_3,,,,,,
589755198,Exc_4,,,,,,
589760138,Exc_3,Spiny_14,ME_Exc_1,161.278239,663.3112004,3.351206434,-7.266565513
589764355,Exc_3,,,,,,
590556126,Exc_3,,,,,,
590556221,Exc_3,,,,,,
590558808,Inh_11,Aspiny_19,ME_Inh_6,208.5144443,796.9821185,2.306779229,2.600885761
590876255,Inh_13,,,,,,
590932287,Inh_11,,,,,,
591250232,Inh_4,,,,,,
591265629,Inh_6,Aspiny_11,ME_Inh_24,241.3204125,744.7743515,2.269121727,20.1448469
591268268,Inh_9,Aspiny_8,ME_Inh_8,226.0137441,497.00619,2.432090813,10.91313852
591278744,Inh_9,Aspiny_4,ME_Inh_7,245.0075346,836.3805659,2.910755408,21.51865201
591396115,Inh_2,,,,,,
591420537,Inh_13,,,,,,
591442287,Inh_5,,,,,,
591517805,Inh_3,,,,,,
591616101,Inh_3,,,,,,
591622050,Inh_3,,,,,,
591626585,Inh_3,,,,,,
591627904,Inh_3,,,,,,
591639922,Inh_13,,,,,,
591640116,Inh_13,,,,,,
591748519,Inh_3,,,,,,
591778248,Inh_6,,,,,,
592577385,Inh_7,,,,,,
592712536,Inh_4,,,,,,
592723092,Inh_3,,,,,,
592816620,Inh_3,,,,,,
592819166,Inh_3,,,,,,
592833901,Inh_3,,,,,,
592868444,Inh_3,,,,,,
592952680,Inh_4,Aspiny_4,ME_Inh_23,217.766661,649.955303,2.299670753,16.0175173
592960350,Inh_6,,,,,,
593054045,Inh_3,,,,,,
593054951,Inh_3,,,,,,
593253205,Inh_11,,,,,,
593312295,Inh_3,,,,,,
593312584,Inh_3,Aspiny_17,ME_Inh_3,162.01235,126.6135097,3.482205928,12.27252003
593321019,Inh_3,Aspiny_18,ME_Inh_18,225,28.97105376,2.289498593,11.9773892
593324192,Inh_3,,,,,,
593398067,Inh_3,,,,,,
593436526,Inh_1,,,,,,
593448793,Inh_1,,,,,,
593453795,Inh_8,,,,,,
593579697,Inh_3,,,,,,
593618144,Inh_13,,,,,,
593646143,Inh_3,,,,,,
593646579,Inh_3,,,,,,
593655447,Inh_3,,,,,,
594047832,Inh_3,,,,,,
594091004,Inh_3,Aspiny_18,ME_Inh_18,170.7215317,56.43703711,3.215865426,0
594480606,Inh_1,,,,,,
594589186,Inh_3,,,,,,
594594470,Inh_3,,,,,,
594611511,Inh_3,,,,,,
595511209,Exc_3,,,,,,
596213704,Inh_1,,,,,,
596282602,Exc_3,,,,,,
596619013,Inh_2,,,,,,
596788976,Inh_13,,,,,,
596789749,Exc_1,,,,,,
596808392,Inh_3,,,,,,
596808442,Inh_10,,,,,,
598380007,Inh_8,,,,,,
598628992,Exc_3,Spiny_11,ME_Exc_13,218.1179941,400.72566,2.447501101,11.26728918
598631490,Exc_3,,,,,,
599170940,Exc_3,,,,,,
599177740,Exc_3,,,,,,
599222852,Exc_3,,,,,,
599334696,Exc_3,Spiny_8,ME_Exc_13,163.3783084,434.0907516,3.28125,35.92628146
599393756,Exc_3,,,,,,
601294900,Exc_3,,,,,,
602822298,Exc_1,Spiny_12,ME_Exc_5,132.9005665,583.8663849,2.729591837,10.99372243
603402458,Exc_3,Spiny_17,ME_Exc_6,109.9115372,693.761546,2.532554175,23.97908039
603411614,Exc_4,,,,,,
603423462,Exc_3,Spiny_17,ME_Exc_6,195.9599253,832.5639725,2.226190476,37.75283668
603502705,Inh_11,,,,,,
603739199,Inh_11,,,,,,
603748061,Exc_3,,,,,,
604130772,Exc_3,Spiny_6,ME_Exc_11,223.9128738,786.2839064,2.750423614,11.29034201
604134393,Exc_3,,,,,,
604142045,Exc_3,,,,,,
604626428,Exc_3,,,,,,
605141937,Exc_3,,,,,,
605631509,Exc_3,,,,,,
605660220,Exc_3,Spiny_15,ME_Exc_10,152.5794404,788.8519442,2.927689594,13.94330367
605688696,Inh_13,,,,,,
605690670,Inh_1,,,,,,
605889373,Inh_1,,,,,,
606106445,Inh_1,,,,,,
606151559,Inh_1,Aspiny_19,ME_Inh_19,193.3592983,928.2041284,2.440865163,15.63919828
606245618,Inh_1,,,,,,
606336338,Inh_1,,,,,,
606346614,Inh_1,,,,,,
606517484,Inh_13,,,,,,
607124114,Exc_3,Spiny_11,ME_Exc_5,152.5723446,491.2331296,3.298752977,9.472662699
608108585,Exc_2,,,,,,
609183903,Inh_11,,,,,,
609435731,Inh_8,Aspiny_5,ME_Inh_21,203.3295214,161.3745663,2.544642857,6.803797204
609485897,Inh_4,,,,,,
609492577,Inh_10,,,,,,
609713212,Inh_13,,,,,,
609775336,Inh_13,,,,,,
614767057,Inh_11,Aspiny_5,ME_Inh_21,128.3598881,145.730763,2.910186651,3.077277849
614777438,Inh_12,Aspiny_7,ME_Inh_16,229.8802125,191.9033633,2.546374944,19.51811489
617745241,Inh_4,,,,,,
623185845,Inh_4,Aspiny_3,ME_Inh_22,178.9765792,683.7683763,2.377664088,3.547937743
623308514,Exc_4,,,,,,
623379534,Inh_4,,,,,,
623427407,Inh_4,,,,,,
623436161,Inh_2,,,,,,
623474400,Exc_4,,,,,,
623892261,Inh_4,,,,,,
623893177,Exc_3,,,,,,
623960880,Inh_4,,,,,,
626158872,Exc_3,,,,,,
626159623,Exc_3,,,,,,
628123780,Exc_3,Spiny_6,ME_Exc_19,176.1900553,672.6876248,2.879464286,0.988898026
628700262,Exc_3,,,,,,
638930104,Exc_3,Spiny_17,ME_Exc_6,100.6603572,887.2809579,3.278949755,24.43945483
638957852,Exc_2,Spiny_17,ME_Exc_6,137.8325503,897.5589022,2.50965251,13.52333083
638970021,Exc_3,,,,,,
638977638,Exc_3,,,,,,
643646577,Inh_3,,,,,,
643826131,Inh_5,,,,,,
644266066,Exc_2,,,,,,
644957458,Inh_1,,,,,,
645057353,Inh_3,,,,,,
645159989,Inh_1,,,,,,
656411052,Exc_3,Spiny_13,ME_Exc_13,222.9893037,461.606398,2.365534874,-3.392458371
656413437,Exc_3,,,,,,
656416875,Inh_7,,,,,,
656421538,Exc_3,Spiny_10,ME_Exc_8,139.2085503,515.129001,2.337060165,-2.050867363
656425408,Exc_3,Spiny_10,ME_Exc_8,124.2004593,626.0326159,2.044029807,18.7417708
656540880,Exc_3,,,,,,
656558376,Exc_3,,,,,,
656654157,Exc_3,,,,,,
656658253,Exc_3,Spiny_14,ME_Exc_1,136.8359188,626.627094,1.757901056,-4.875029689
656706085,Inh_4,,,,,,
656707861,Exc_3,Spiny_18,ME_Exc_6,216.478824,800.3559447,1.913115254,1.865609416
656711650,Exc_1,,,,,,
656999440,Exc_3,Spiny_15,ME_Exc_11,209.0790693,763.4008454,2.394080451,-3.3439334
657364333,Inh_3,,,,,,
657366555,Inh_3,,,,,,
657378726,Inh_3,,,,,,
657380758,Inh_3,,,,,,
657442241,Inh_3,,,,,,
657449671,Inh_3,,,,,,
657526586,Exc_3,,,,,,
658107370,Exc_3,,,,,,
658108388,Exc_3,,,,,,
672098155,Inh_1,,,,,,
674821826,Exc_1,Spiny_1,ME_Exc_7,131.6042342,148.0614495,2.520596877,-5.621112246
675002825,Exc_4,Spiny_1,ME_Exc_7,198.6681353,207.4486157,3.374741201,-1.687430192
676294546,Exc_3,,,,,,
676322245,Exc_3,Spiny_10,ME_Exc_8,150.6526389,529.544345,3.232656107,13.09541339
676439422,Exc_3,,,,,,
686825563,Inh_1,,,,,,
687871485,Inh_13,,,,,,
687908072,Inh_1,,,,,,
687927652,Inh_12,,,,,,
687963494,Inh_1,,,,,,
698217104,Exc_3,Spiny_10,ME_Exc_8,132.1928725,528.3347794,2.022481185,14.72153895
698226504,Exc_3,Spiny_18,ME_Exc_2,141.7860985,621.4299134,2.515972833,14.29698556
698227509,Exc_2,,,,,,
698230720,Exc_3,Spiny_10,ME_Exc_8,140.1997696,577.4604277,3.777498842,12.82992605
698235442,Exc_3,Spiny_10,ME_Exc_8,145.7097388,553.5407689,2.450342614,12.63579772
698237629,Exc_3,Spiny_10,ME_Exc_8,139.955991,470.6965326,2.303298323,11.47135505
